Xloc,Yloc,Landuse_1,Landuse_2,Landuse_3,Landuse_4,Rock_1,Rock_2,Rock_3,Rock_4,Rock_5,Cr,Ni,Pb,Zn,Cd,Co,Cu
0.6414540528335967,0.7944250871080138,0,1,0,0,0,0,0,0,1,0.4889022195560888,0.2971495509566575,0.1440352623347078,0.2478283086356668,0.1211453744493392,0.1558168836623267,0.5676950284928276
0.5021449537141566,0.3050716221447929,1,0,0,0,0,1,0,0,0,0.4049190161967606,0.4345958609918,0.0793402530925636,0.119911429058082,0.0560672807368842,0.3973120537589247,0.0054529377087836
0.5057575073379995,0.4796747967479674,1,0,0,0,0,1,0,0,0,0.3599280143971205,0.3697774306911363,0.0489122707237309,0.1403508771929824,0.0700841009211053,0.3910121797564048,0.0187168402436628
0.325355610747347,0.0929152148664343,0,0,1,0,1,0,0,0,0,0.176364727054589,0.0636470128855915,0.0651215697426418,0.032192130812468,0.0,0.1558168836623267,0.0422971114167812
0.393768344998871,0.3604336043360434,0,0,1,0,0,0,0,0,1,0.5584883023395321,0.4509957048028113,0.2488269586236315,0.3801737353091466,0.2903484181017221,0.5716085678286433,0.2292198860286893
0.8141792729735832,0.2466124661246612,0,0,0,1,0,1,0,0,0,0.6250749850029994,0.6587270597422881,0.098535475614958,0.2767841934934423,0.3594313175810973,0.6430071398572028,0.0967036745922578
0.4127342515240459,0.3641114982578396,0,0,1,0,0,0,0,0,1,0.6010797840431913,0.4877001171417414,0.3057016920233186,0.4275251234883325,0.315378454144974,0.5926081478370432,0.3235409707211633
0.4752765861368254,0.5203252032520325,0,1,0,0,0,0,1,0,0,0.695860827834433,0.3908629441624365,0.0941276837764822,0.3970362800204394,0.7729275130156188,0.372112557748845,0.0759481234034191
0.2700383833822533,0.1258226867982965,0,0,1,0,1,0,0,0,0,0.2261547690461907,0.0909800859039437,0.0999573439499502,0.0619996593425311,0.0440528634361233,0.1096178076438471,0.1105816466889369
0.3637389930006773,0.4012775842044134,0,0,1,0,0,1,0,0,0,0.4979004199160168,0.4564623194064817,0.1838475757144888,0.2147845341509112,0.1381657989587505,0.7228055438891221,0.1697779524464531
0.4375705576879656,0.2121564072783585,0,0,1,0,0,0,1,0,0,0.7360527894421115,0.4814525575946895,0.209441205744348,0.4334866291943451,0.4805766920304366,0.5401091978160436,0.1744448811161328
0.1998193723188078,0.0814943863724351,0,0,1,0,1,0,0,0,0,0.5920815836832632,0.4205388520109331,0.2691596758140196,0.6395843978879237,0.7298758510212255,0.4267114657706845,0.1793574376105325
0.3129374576653872,0.1281455671699574,0,0,1,0,1,0,0,0,0,0.2231553689262147,0.0870753611870363,0.0942698706099815,0.0633622892181911,0.0370444533440128,0.118017639647207,0.1388288465317351
0.6423571912395574,0.7915214866434379,0,0,1,0,0,0,0,0,1,0.5278944211157769,0.4158531823506442,0.1084885539599033,0.2410151592573667,0.2292751301561874,0.2293154136917261,0.1314600117901355
0.7496048769473921,0.1536972512582268,0,0,1,0,0,1,0,0,0,0.4931013797240552,0.4806716126513081,0.0750746480875871,0.2376085845682166,0.1231477773327993,0.5800083998320033,0.0788956573000589
0.7125762023030028,0.6314363143631436,0,0,1,0,0,1,0,0,0,0.3959208158368326,0.3705583756345177,0.185269444049481,0.2801907681825923,0.1261513816579896,0.6451070978580428,0.2360974651208489
0.9254910815082412,0.1722802942315137,0,0,1,0,0,1,0,0,0,0.4781043791241751,0.3893010542756735,0.0429404237167638,0.1694770907852154,0.1651982378854625,0.5338093238135238,0.0788956573000589
0.7703770602844885,0.3950832365466511,1,0,0,0,0,1,0,0,0,0.0,0.0,0.1554102090146452,0.1507409299948901,0.0750901081297557,0.0052498950020999,0.014786795048143
0.7019643260329645,0.1275648470770422,0,0,1,0,0,1,0,0,0,0.4631073785242952,0.4962905115189377,0.1103369827953931,0.2762732072900697,0.210252302763316,0.4435111297774043,0.1177048536058164
0.773538044705351,0.6289198606271776,0,0,1,0,0,0,0,0,1,0.4055188962207557,0.396329558766107,0.0885823972700128,0.1984329756429909,0.2869443331998398,0.6304073918521629,0.0911770485360581
0.5285617520885075,0.6101432442895858,0,0,1,0,0,0,0,0,1,0.3419316136772645,0.1917219836001562,0.0009953078344945,0.0166922159768353,0.0450540648778534,0.2692146157076858,0.0054529377087836
0.2743282908105667,0.2562911343399148,0,0,1,0,0,0,1,0,0,0.4727054589082183,0.3510347520499804,0.0800511872600597,0.2478283086356668,0.197236684020825,0.5443091138177236,0.1054234623698172
0.2815533980582524,0.2413859852884243,0,0,1,0,0,0,1,0,0,0.4547090581883622,0.2784068723155017,0.0814730555950519,0.2171691364333162,0.1101321585903084,0.5443091138177236,0.0987915111023776
0.3192594265071122,0.5495547812620983,0,0,1,0,1,0,0,0,0,0.2969406118776244,0.1440843420538851,0.0749324612540878,0.0911258729347641,0.0730877052462955,0.1705165896682065,0.0806150520730988
0.7753443215172724,0.6312427409988386,0,0,1,0,0,0,0,0,1,0.4079184163167366,0.3861772745021475,0.1468789990046921,0.201839550332141,0.1519823788546255,0.7102057958840823,0.1466889369227746
0.7945360126439376,0.810878823073945,0,1,0,0,1,0,0,0,0,0.7480503899220156,0.4283483014447481,0.0280108061993459,0.2835973428717424,0.2138566279535442,0.5485090298194035,0.0582629200235802
0.2339128471438247,0.2152535811072396,0,0,1,0,0,0,1,0,0,0.3611277744451109,0.2190550566185083,0.2350348357742072,0.2290921478453415,0.13215859030837,0.3343133137337253,0.2360974651208489
0.7471212463310001,0.7847464188927603,0,0,1,0,1,0,0,0,0,0.6400719856028794,0.3838344396720031,0.0971136072799658,0.5033214103219212,0.748498197837405,0.4351112977740444,0.1147573197091766
0.359449085572364,0.2266744096012388,1,0,0,0,0,1,0,0,0,0.3893221355728854,0.2869972666926981,0.1340821839897625,0.1268949071708397,0.0610732879455346,0.233515329693406,0.0474552957359009
0.5400767667645067,0.138017808749516,0,0,1,0,1,0,0,0,0,0.4187162567486502,0.2760640374853572,0.0635575145741504,0.3064213932890478,0.4835802963556268,0.365812683746325,0.0526134800550206
0.4034770828629487,0.078397212543554,0,0,1,0,1,0,0,0,0,0.2405518896220755,0.0894181960171807,0.0594340964026731,0.0928291602793391,0.0444533440128153,0.1327173456530869,0.0594910591471801
0.3142921652743283,0.1262098335269066,0,0,1,0,1,0,0,0,0,0.2771445710857828,0.1081608746583365,0.1099104222948955,0.0774995741781638,0.0120144173007609,0.1243175136497269,0.1324425230890155
0.9212011740799276,0.1709252806813782,0,0,1,0,0,1,0,0,0,0.5296940611877624,0.4767668879344005,0.0700981089151144,0.1950264009538409,0.2533039647577093,0.4813103737925241,0.0717724503831793
0.1388575299164597,0.1982191250483933,0,1,0,0,0,0,1,0,0,0.7420515896820635,0.340882467786021,0.1653632873595905,0.1711803781297905,0.2272727272727272,0.3994120117597647,0.0955983493810178
0.1406638067283811,0.1957026713124274,0,1,0,0,0,0,1,0,0,0.8320335932813436,0.4720812182741116,0.738376226361439,0.4913983989098961,0.2693231878253905,0.3973120537589247,0.6340145411672232
0.5606231655001129,0.854239256678281,0,1,0,0,1,0,0,0,0,0.4967006598680263,0.3814916048418585,0.0625622067396559,0.2239822858116164,0.4255106127352823,0.2272154556908861,0.0558066417763804
0.2707157371867238,0.2582268679829655,0,0,1,0,0,0,1,0,0,0.5308938212357528,0.3978914486528699,0.1283947106497938,0.2835973428717424,0.3283940728874649,0.5989080218395632,0.1609353507565337
0.3910589297809889,0.010840108401084,0,0,1,0,0,1,0,0,0,0.5200959808038392,0.4400624755954704,0.0900042656050049,0.2171691364333162,0.0300360432519022,0.4225115497690045,0.0651404991157398
0.6685482050124181,0.8153310104529615,0,1,0,0,0,0,0,0,1,0.6280743851229754,0.2541975790706755,0.1838475757144888,0.5254641458013968,0.565678814577493,0.2965140697186056,0.21742975044213
0.9604876947392188,0.1641502129307007,0,0,1,0,0,1,0,0,0,0.4847030593881224,0.4236626317844591,0.0548841177306981,0.1762902401635156,0.1111333600320384,0.5464090718185636,0.0791412851247789
0.6060058703996386,0.3054587688734029,0,0,1,0,0,1,0,0,0,0.5260947810437911,0.6876220226474034,0.0853121000995307,0.2761028785556123,0.3704445334401282,0.5590088198236034,0.0943702102574179
0.4813727703770603,0.0636856368563685,0,0,1,0,0,0,1,0,0,0.6280743851229754,0.4955095665755563,0.1440352623347078,0.3466189746210185,0.4895875050060072,0.5296094078118437,0.1577421890351739
0.882366222623617,0.5141308555942702,0,0,1,0,0,0,0,1,0,0.4685062987402519,0.5509566575556423,0.3203469358737381,0.5612331800374724,0.2963556267521026,0.5464090718185636,0.5382196895264294
0.7319936780311582,0.0871080139372822,0,0,1,0,0,1,0,0,0,0.5620875824835032,0.479109722764545,0.0636997014076496,0.2086526997104411,0.1631958350020024,0.3868122637547249,0.0727549616820593
0.2774892752314292,0.2533875338753387,0,0,1,0,0,0,1,0,0,0.4253149370125975,0.2729402577118313,0.1113322906298876,0.2205757111224663,0.0901081297557068,0.5275094498110037,0.1277755944193358
0.568525626552269,0.8157181571815718,0,0,1,0,1,0,0,0,0,0.3347330533893221,0.156579461147989,0.0544575572302004,0.061318344404701,0.0630756908289948,0.1041579168416631,0.0545785026527805
0.6825468503048091,0.8894696089818039,0,1,0,0,1,0,0,0,0,0.7300539892021595,0.3861772745021475,0.0521825678942129,0.5135411343893715,0.8121746095314378,0.4057118857622847,0.0732462173314993
0.7157371867238653,0.6318234610917537,0,0,1,0,0,1,0,0,0,0.3833233353329334,0.3674345958609917,0.1810038390445044,0.2188724237778913,0.1481778133760512,0.6871062578748425,0.3785616034584397
0.1860465116279069,0.2808749516066589,0,1,0,0,0,0,1,0,0,0.7300539892021595,0.522061694650527,0.1340821839897625,0.2750809061488672,0.709851822186624,0.5023099538009239,0.0668598938887797
0.483630616391962,0.6051103368176538,0,0,1,0,0,0,0,0,1,0.2819436112777445,0.059742288168684,0.1127541589648798,0.1558507920286152,0.0580696836203444,0.0808483830323393,0.077667518176459
0.6674192820049673,0.8147502903600463,0,1,0,0,0,0,0,0,1,0.5620875824835032,0.3065208902772354,0.0755012085880847,0.3534321239993186,0.3694433319983981,0.359512809743805,0.1447239143250147
0.1901106344547302,0.3644986449864498,0,0,1,0,0,1,0,0,0,0.6040791841631673,0.6938695821944553,0.0971136072799658,0.312553227729518,0.2993592310772928,0.622007559848803,0.1044409510709373
0.2851659516820952,0.4157955865272938,0,0,1,0,0,1,0,0,0,0.6460707858428314,0.5431472081218274,0.0885823972700128,0.2222789984670413,0.2793352022426912,0.4624107517849642,0.0779131460011789
0.8923007450891847,0.2320944638017809,0,1,0,0,0,0,0,0,1,0.4721055788842231,0.344006247559547,0.1056448172899189,0.2359052972236416,0.2352823388065679,0.5863082738345233,0.0868785616034584
0.851885301422443,0.5549748354626403,0,0,1,0,0,1,0,0,0,0.4397120575884823,0.4486528699726669,0.4141902459832219,0.4590359393629706,0.539247096515819,0.5044099118017639,0.4645313421104342
0.8008579814856627,0.354239256678281,1,0,0,0,0,0,0,1,0,0.5380923815236953,0.6040609137055837,0.0900042656050049,0.1728836654743654,0.5346415698838607,0.5590088198236034,0.0426655531538612
0.8884624068638518,0.0574912891986062,0,1,0,0,0,1,0,0,0,0.674865026994601,0.4689574385005857,0.0302857955353334,0.1558507920286152,0.1341609931918302,0.6010079798404031,0.0319807427785419
0.5775570106118763,0.921602787456446,1,0,0,0,0,1,0,0,0,0.6880623875224955,0.4916048418586489,0.1056448172899189,0.1507409299948901,0.1331597917501001,0.5695086098278034,0.0253487915111023
0.212689094603748,0.1937669376693767,0,0,1,0,0,0,0,0,1,0.9640071985602876,0.2776259273721202,0.1099104222948955,0.2137625617441662,0.2943532238686424,0.3049139017219655,0.0609648260955
0.624068638518853,0.1411149825783971,0,0,1,0,0,0,1,0,0,0.5650869826034792,0.4400624755954704,0.7865775629176739,1.0,0.3293952743291951,0.5170096598068038,0.9275397917076044
0.6789342966809664,0.5172280294231514,0,1,0,0,0,1,0,0,0,0.4421115776844631,0.4088246778602108,0.0624200199061567,0.1728836654743654,0.171205446535843,0.7123057538849222,0.0672283356258596
0.8214043802212687,0.5956252419667053,1,0,0,0,0,1,0,0,0,0.4427114577084583,0.4221007418976962,0.129816578984786,0.145631067961165,0.486784140969163,0.4750104997900041,0.0265769306347022
0.7118988484985324,0.4167634533488191,1,0,0,0,0,1,0,0,0,0.5110977804439112,0.4127294025771182,0.1155978956348642,0.1337080565491398,0.1591910292350821,0.4204115917681646,0.0197730398899587
0.095055317227365,0.3112659698025551,0,1,0,0,0,1,0,0,0,0.8560287942411516,0.5626708317063647,0.1170197639698563,0.2273888605007664,0.4134961954345215,0.4687106257874842,0.0511397131067007
0.6861594039286519,0.8662408052651954,1,0,0,0,1,0,0,0,0,0.4679064187162568,0.2885591565794611,0.0460685340537466,0.1354113438937148,0.0710853023628354,0.3091138177236455,0.0066810768323835
0.8080830887333483,0.7032520325203252,0,0,1,0,0,0,1,0,0,0.6640671865626875,0.5165950800468566,0.1113322906298876,0.2801907681825923,0.3566279535442531,0.6724065518689625,0.2582039693456474
0.1828855272070444,0.0145180023228803,0,0,0,1,0,0,1,0,0,0.4427114577084583,0.3127684498242873,0.1639414190245983,0.2137625617441662,0.1551862234681618,0.613607727845443,0.108370996266457
0.8582072702641679,0.535423925667828,0,0,1,0,0,1,0,0,0,0.4253149370125975,0.5204998047637641,0.1212853689748329,0.3653551354113439,0.3894673608329996,0.5443091138177236,0.4178620554136372
0.4540528335967486,0.6705381339527681,0,0,1,0,1,0,0,0,0,0.2339532093581283,0.06286606794221,0.013081188681928,0.030829500936808,0.0210252302763316,0.115917681646367,0.1054234623698172
0.8690449311356965,0.6217576461478901,0,1,0,0,0,0,1,0,0,0.4757048590281943,0.390081999219055,0.0971136072799658,0.2376085845682166,0.5372446936323589,0.5086098278034439,0.1570053055610139
0.4985324000903137,0.1306620209059233,1,0,0,0,1,0,0,0,0,0.5620875824835032,0.2682545880515423,0.1340821839897625,0.1779935275080905,0.2583099719663597,0.3154136917261654,0.0319807427785419
0.6179724542786182,0.5987224157955865,0,0,1,0,0,1,0,0,0,0.6610677864427114,0.4299101913315111,0.2193942840892933,0.2767841934934423,0.3404084901882259,0.6178076438471231,0.2601689919434073
0.3289681643711898,0.2675183894696089,0,0,1,0,0,0,1,0,0,0.6940611877624475,0.4697383834439671,0.0956917389449737,0.3040367910066428,0.2328794553464157,0.5485090298194035,0.1147573197091766
0.3955746218107925,0.4852884243128146,0,0,1,0,0,0,1,0,0,0.3989202159568086,0.2463881296368605,0.0544575572302004,0.1485266564469426,0.1141369643572286,0.5380092398152037,0.0960896050304578
0.1255362384285391,0.2706155632984901,0,1,0,0,0,0,1,0,0,0.6040791841631673,0.4010152284263958,0.1184416323048485,0.2478283086356668,0.2212655186223468,0.6640067198656026,0.0906857928866181
0.9056220365771052,0.124467673248161,0,0,1,0,0,0,0,0,1,0.376124775044991,0.3541585318235064,0.0654059434096402,0.1558507920286152,0.145174209050861,0.5548089038219235,0.0561750835134603
0.7667645066606457,0.2204800619434765,0,0,1,0,0,1,0,0,0,0.5608878224355128,0.5939086294416243,0.1355040523247547,0.258048032703117,0.2803364036844213,0.7165056698866021,0.1599528394576537
0.7175434635357868,0.7291908633372048,0,1,0,0,0,0,1,0,0,0.4523095380923815,0.3268254588051542,0.0584387885681785,0.1473343553057401,0.3568281938325991,0.361612767744645,0.029770092356062
0.7362835854594716,0.2613240418118467,0,1,0,0,0,1,0,0,0,0.5140971805638872,0.5158141351034751,0.1312384473197782,0.2359052972236416,0.1111333600320384,0.6325073498530028,0.1059147180192572
0.5193045834274101,0.3720480061943477,0,0,1,0,0,1,0,0,0,0.4931013797240552,0.4322530261616555,0.1380634153277406,0.2529381706693919,0.2773327993592311,0.3994120117597647,0.0784044016506189
0.5972002709415217,0.3573364305071622,1,0,0,0,0,0,0,1,0,0.4469106178764246,0.2526356891839125,0.0590075359021754,0.0323624595469255,0.1311573888666399,0.1915161696766064,0.0026282177245038
0.6385188530142244,0.8401084010840107,0,1,0,0,1,0,0,0,0,0.4403119376124774,0.2620070285044904,0.0086733968434523,0.0533128938851984,0.0770925110132158,0.1852162956740865,0.015278050697583
0.3174531496951908,0.1347270615563298,0,0,1,0,1,0,0,0,0,0.1937612477504498,0.0542756735650136,0.0295748613678373,0.0093680803951626,0.0250300360432519,0.1012179756404871,0.0349282766751817
0.5533980582524272,0.5058072009291521,0,1,0,0,0,0,0,0,1,0.3011397720455908,0.2463881296368605,0.0255936300298592,0.0689831374552887,0.0710853023628354,0.491810163796724,0.0128217724503831
0.5755249491984646,0.810878823073945,0,0,1,0,1,0,0,0,0,0.3095380923815236,0.1440843420538851,0.0260201905303568,0.0495656617271333,0.0991189427312775,0.111087778244435,0.0226468854391825
0.4107021901106344,0.4274099883855982,0,1,0,0,0,1,0,0,0,0.5350929814037192,0.4150722374072627,0.0729418455850988,0.2301141202520865,0.1201441730076091,0.5863082738345233,0.0867557476910984
0.8349514563106796,0.4879984514130855,0,0,1,0,0,0,0,1,0,0.6460707858428314,0.3580632565404139,0.1738944973695435,0.2784874808380174,0.302362835402483,0.3427131457370852,0.1967970131656514
0.5229171370512531,0.5464576074332171,0,1,0,0,0,0,1,0,0,0.6550689862027594,0.3791487700117141,0.043082610550263,0.1694770907852154,0.2953544253103725,0.4750104997900041,0.0327176262527019
0.916459697448634,0.1726674409601238,0,0,1,0,0,1,0,0,0,0.614877024595081,0.5025380710659898,0.0814730555950519,0.2069494123658661,0.3213856627953544,0.5695086098278034,0.0893348398506582
0.7629261684353127,0.046070460704607,0,1,0,0,0,0,1,0,0,0.4289142171565686,0.2174931667317453,0.0432247973837622,0.1033895418157043,0.1101321585903084,0.5338093238135238,0.045244645313421
0.475953939941296,0.2849399922570654,0,0,1,0,0,1,0,0,0,0.5962807438512296,1.0,0.5454286933030001,0.4636348151933231,0.3964757709251102,0.609407811843763,0.3547357044606012
0.768344998871077,0.63511420828494,0,0,1,0,0,0,0,0,1,0.385122975404919,0.3541585318235064,0.2577847291340822,0.2307954351899165,0.0835002002402883,0.6703065938681225,0.2852230300648457
0.5667193497403477,0.3981804103755323,0,1,0,0,0,1,0,0,0,0.6298740251949609,0.3947676688793439,0.0830371107635433,0.2415261454607392,0.8099719663596315,0.4225115497690045,0.0285419532324621
0.6922555881688868,0.4096012388695316,1,0,0,0,0,1,0,0,0,0.3359328134373125,0.3307301835220617,0.1269728423148016,0.1422244932720149,0.5036043251902284,0.3826123477530448,0.0537188052662605
0.5911040867012869,0.8139759969028261,0,0,1,0,1,0,0,0,0,0.2903419316136773,0.1347130027333073,0.0351201478743068,0.0740929994890138,0.1021225470564677,0.0825283494330113,0.029770092356062
0.7191239557462181,0.1943476577622919,0,0,1,0,0,0,1,0,0,0.430113977204559,0.342444357672784,0.2475472771221384,0.2689490717083972,0.1341609931918302,0.5023099538009239,0.2159559834938101
0.3009708737864077,0.091947348044909,0,0,1,0,1,0,0,0,0,0.2291541691661668,0.0995704802811401,0.1340821839897625,0.0809061488673139,0.0060072086503804,0.115497690046199,0.123354293574376
0.3766087152856174,0.2936507936507936,0,0,1,0,0,1,0,0,0,0.5158968206358728,0.5142522452167122,0.1099104222948955,0.2410151592573667,0.2873448137765318,0.4666106677866442,0.0852819807427785
0.3729961616617746,0.119047619047619,0,0,1,0,1,0,0,0,0,0.274745050989802,0.1354939476766887,0.3089719891938006,0.201839550332141,0.0518622346816179,0.1516169676606467,0.2211141678129298
0.5951682095281101,0.2259001161440185,0,0,1,0,0,1,0,0,0,0.6280743851229754,0.6470128855915657,0.267453433812029,0.4208823028444899,0.3654385262314778,0.622007559848803,0.2675378266850068
0.8177918265974261,0.4212156407278359,1,0,0,0,0,1,0,0,0,0.0809838032393521,0.1011323701679031,0.2336129674392151,0.1711803781297905,0.2302763315979175,0.0,0.06194733739438
0.7094152178821403,0.4765776229190863,0,0,1,0,0,1,0,0,0,0.4439112177564487,0.3971105037094884,0.1170197639698563,0.2359052972236416,0.1441730076091309,0.5695086098278034,0.1347759874238553
0.5594942424926619,0.0491676345334882,0,1,0,0,0,1,0,0,0,0.5956808638272345,0.6204607575165949,0.4926773780747903,0.6016010901039006,0.3594313175810973,0.5716085678286433,0.4529868343485949
0.8313389026868367,0.313588850174216,0,1,0,0,0,1,0,0,0,0.6118776244751049,0.5392424834049199,0.1070666856249111,0.2887072049054675,0.3354024829795755,0.611507769844603,0.0881067007270583
0.4314743734477309,0.6687959736740224,0,0,1,0,1,0,0,0,0,0.4019196160767846,0.1214369386958219,0.0294326745343381,0.0774995741781638,0.0760913095714857,0.1327173456530869,0.0587541756730202
0.2643937683449988,0.1744096012388695,0,0,1,0,0,0,1,0,0,0.5110977804439112,0.2846544318625536,0.225081757429262,0.2273888605007664,0.1541850220264317,0.5086098278034439,0.2508351346040479
0.2303002935199819,0.040650406504065,0,1,0,0,1,0,0,0,0,0.6580683863227355,0.390081999219055,0.1625195506896061,0.1967296882984159,0.2222667200640769,0.3301133977320453,0.1172135979563765
0.4240234815985549,0.3197831978319783,0,0,1,0,0,0,0,0,1,0.3965206958608278,0.3557204217102693,0.4282667424996446,0.3009708737864077,0.1231477773327993,0.737505249895002,0.4271959127529966
0.6927071573718672,0.6746031746031746,0,1,0,0,0,0,1,0,0,0.8620275944811037,0.390081999219055,0.1184416323048485,0.3261795264861181,0.7779335202242691,0.241915161696766,0.107634112792297
0.7604425378189207,0.6771196283391405,0,0,1,0,0,0,1,0,0,0.6640671865626875,0.529871144084342,0.1497227356746765,0.2648611820814172,0.2599118942731278,0.6178076438471231,0.2459225781096482
0.2546850304809211,0.4566395663956639,0,0,1,0,0,0,1,0,0,0.4085182963407318,0.2752830925419757,0.1127541589648798,0.14392778061659,0.1411694032839407,0.2755144897102057,0.1184417370799763
0.7532174305712349,0.3281068524970963,1,0,0,0,0,1,0,0,0,0.2951409718056388,0.2448262397500976,0.1269728423148016,0.201839550332141,0.3974769723668402,0.2524149517009659,0.0233346433483985
0.6276811921426958,0.3166860240030972,0,0,1,0,0,0,0,0,1,0.5170965806838631,0.5978133541585318,0.1434665150007109,0.3379322091636859,0.1621946335602723,0.6178076438471231,0.2078502652780506
0.2140438022126891,0.1933797909407665,0,0,1,0,0,0,0,0,1,0.7720455908818236,0.2838734869191721,0.1198635006398407,0.2154658490887412,0.3173808570284341,0.2986140277194455,0.0788956573000589
0.5457213818017611,0.1430507162214478,0,0,1,0,1,0,0,0,0,0.4193161367726454,0.248730964467005,0.0564481728991895,0.2525975132004768,0.3103724469363236,0.4351112977740444,0.0359107879740616
0.5154662452020772,0.197444831591173,0,1,0,0,0,0,1,0,0,0.584883023395321,0.3643108160874658,0.0961182994454713,0.2778061659001873,0.3564277132559071,0.361612767744645,0.0968264885046178
0.5739444569880333,0.7471931862175765,0,0,1,0,0,0,0,0,1,0.2387522495500899,0.0995704802811401,0.0699559220816152,0.0548458524953159,0.0640768922707248,0.0428391432171356,0.1093535075653369
0.4174757281553397,0.700154858691444,0,0,1,0,1,0,0,0,0,0.4859028194361127,0.1682936352987114,0.0646950092421441,0.1200817577925396,0.0810973167801361,0.2062158756824863,0.0850363529180585
0.5475276586136825,0.8501742160278746,1,0,0,0,1,0,0,0,0,0.3689262147570485,0.2323311206559937,0.0656903170766387,0.0928291602793391,0.1501802162595114,0.2482150356992859,0.0059441933582236
0.654549559720027,0.1014324428958575,0,1,0,0,0,1,0,0,0,0.593881223755249,0.5337758688012494,0.1372102943267453,0.4186680292965423,0.3053664397276732,0.4498110037799243,0.1292493613676557
0.7130277715059833,0.6509872241579558,0,0,1,0,0,1,0,0,0,0.5740851829634073,0.5322139789144864,0.1155978956348642,0.2376085845682166,0.1852222667200641,0.5212095758084838,0.140548241304775
0.2205915556559042,0.3228803716608595,0,1,0,0,0,0,1,0,0,0.8140371925614877,0.5603279968762201,0.0914261339399971,0.2359052972236416,0.2753303964757709,0.491810163796724,0.0449990174887011
0.6360352223978324,0.4721254355400697,0,0,1,0,0,0,0,0,1,0.4901019796040792,0.4283483014447481,0.1113322906298876,0.2273888605007664,0.1852222667200641,0.8278034439311213,0.1501277264688544
0.4619552946489049,0.6279519938056523,0,0,1,0,1,0,0,0,0,0.2231553689262147,0.0722374072627879,0.0290061140338404,0.030148185998978,0.0190228273928714,0.117597648047039,0.0317351149538219
0.3425152404606005,0.1598915989159892,0,0,1,0,1,0,0,0,0,0.4385122975404919,0.1362748926200702,0.0581544149011801,0.1081587463805144,0.0760913095714857,0.1810163796724065,0.076685006877579
0.6753217430571234,0.3428184281842818,0,1,0,0,0,1,0,0,0,0.5578884223155369,0.5626708317063647,1.0,0.7111224663600749,0.3263916700040048,0.4603107937841243,0.7580565926508154
0.6412282682321065,0.7907471931862176,0,0,1,0,0,0,0,0,1,0.5920815836832632,0.4580242092932448,0.2193942840892933,0.3261795264861181,0.224269122947537,0.2860142797144056,0.2827667518176459
0.6653872205915556,0.6248548199767711,0,1,0,0,0,1,0,0,0,0.415116976604679,0.3244826239750097,0.0885823972700128,0.1711803781297905,0.2292751301561874,0.2524149517009659,0.0582629200235802
0.445698803341612,0.6734417344173441,0,0,1,0,1,0,0,0,0,0.2711457708458308,0.0534947286216321,0.0211858381913834,0.0429228410832907,0.0380456547857429,0.0860982780344393,0.0378758105718215
0.7776021675321743,0.7440960123886953,0,0,1,0,0,0,1,0,0,0.5620875824835032,0.4564623194064817,0.0956917389449737,0.3415091125872934,0.5782939527432921,0.5884082318353632,0.0992827667518176
0.6391962068186949,0.4794812233836624,0,0,1,0,0,0,0,0,1,0.4751049790041991,0.4127294025771182,0.0914261339399971,0.2393118719127917,0.2412895474569484,0.6703065938681225,0.1335478483002554
0.5434635357868594,0.1451800232288037,0,0,1,0,1,0,0,0,0,0.4415116976604678,0.2541975790706755,0.0696715484146168,0.3176630897632431,0.5136163396075292,0.2608147837043258,0.0737374729809392
0.7292842628132761,0.719125048393341,0,0,1,0,0,0,1,0,0,0.3395320935812838,0.201093322920734,0.0800511872600597,0.0911258729347641,0.0290348418101722,0.3385132297354052,0.0887207702888583
0.2984872431700158,0.308168795973674,0,0,1,0,0,0,1,0,0,0.4523095380923815,0.3627489262007027,0.1070666856249111,0.3619485607221938,0.1738085702843411,0.5128097438051239,0.108370996266457
0.720252878753669,1.0,0,1,0,0,0,1,0,0,0,0.7600479904019196,0.5150331901600936,0.1440352623347078,0.2597513200476921,0.3530236283540248,0.5821083578328433,0.0712811947337394
0.6364867916008128,0.7878435927216415,0,0,1,0,0,0,0,0,1,0.5560887822435513,0.4010152284263958,0.2663159391440353,0.3568386986884687,0.289347216659992,0.2230155396892061,0.3245234820200431
0.5856852562655226,0.1335656213704993,0,0,1,0,0,0,1,0,0,0.2279544091181763,0.1815696993361967,0.1767382340395279,0.2606029637199796,0.1261513816579896,0.3217135657286853,0.2090784044016506
0.8787536689997741,0.3397212543554007,1,0,0,0,0,1,0,0,0,0.4889022195560888,0.4049199531433033,0.0885823972700128,0.1524442173394651,0.1301561874249099,0.3301133977320453,0.0194537237178227
1.0,0.1728610143244289,0,0,1,0,0,1,0,0,0,0.4043191361727654,0.390081999219055,0.0740793402530925,0.1762902401635156,0.1141369643572286,0.367912641747165,0.0749656121045391
0.6312937457665386,0.4910956252419667,0,0,1,0,0,0,0,0,1,0.638872225554889,0.4767668879344005,0.1198635006398407,0.3363992505535683,0.3904685622747297,0.611507769844603,0.21767537826685
0.0474147663129374,0.2851335656213705,1,0,0,0,0,0,1,0,0,0.8620275944811037,0.5900039047247169,0.1639414190245983,0.2597513200476921,0.289347216659992,0.5800083998320033,0.0386126940459815
0.7739896139083314,0.5694928377855207,0,0,1,0,0,0,0,0,1,0.376124775044991,0.3026161655603279,0.035262334707806,0.14392778061659,0.145174209050861,0.4309113817723645,0.0567891530752603
0.7263490629939038,0.543360433604336,0,1,0,0,0,1,0,0,0,0.3773245350929813,0.4158531823506442,0.0800511872600597,0.1405212059274399,0.2412895474569484,0.4078118437631247,0.0415602279426213
0.8787536689997741,0.1078203639179248,0,0,1,0,0,0,0,0,1,0.5278944211157769,0.4728621632174931,0.169628892364567,0.2699710441151423,0.2863436123348018,0.7753044939101217,0.1889369227746118
0.427861819823888,0.4941927990708478,0,0,1,0,0,0,1,0,0,0.5248950209958008,0.3775868801249511,0.2085880847433527,0.2876852324987226,0.3213856627953544,0.4078118437631247,0.1361269404598152
0.6143599006547753,0.424312814556717,0,0,1,0,0,0,1,0,0,0.4829034193161368,0.4299101913315111,0.1483008673396843,0.2154658490887412,0.1291549859831798,0.5758084838303233,0.1611809785812537
0.9604876947392188,0.4996128532713898,1,0,0,0,1,0,0,0,0,0.241751649670066,0.1472081218274111,0.0497653917247263,0.0843127235564639,0.2605126151381658,0.1936161276774464,0.0653861269404598
0.5265296906750959,0.7210607820363917,1,0,0,0,1,0,0,0,0,0.2219556088782243,0.1214369386958219,0.0594340964026731,0.1132686084142395,0.1742090508610332,0.1999160016799664,0.0216643741403026
0.8552720704447956,0.5340689121176926,0,0,1,0,0,1,0,0,0,0.4541091781643671,0.4424053104256149,0.0628465804066543,0.2529381706693919,0.1391670004004805,0.6199076018479629,0.0960896050304578
0.5296906750959585,0.6107239643825009,0,0,1,0,0,0,0,0,1,0.2909418116376724,0.1175322139789144,0.0137921228494241,0.0275932549821154,0.0580696836203444,0.1852162956740865,0.0069267046571035
0.4849853240009031,0.2382888114595431,1,0,0,0,0,0,1,0,0,0.3803239352129574,0.3018352206169465,0.1730413763685482,0.1170158405723045,0.1752102523027633,0.4414111717765645,0.014786795048143
0.4716640325129826,0.3459156020131629,0,1,0,0,0,1,0,0,0,0.55248950209958,0.4283483014447481,0.1157400824683634,0.2238119570771589,0.2843412094513416,0.3826123477530448,0.0727549616820593
0.6080379318130503,0.8809523809523809,0,0,1,0,0,0,1,0,0,0.4565086982603479,0.2799687622022647,0.0177733541874022,0.1217850451371146,0.1101321585903084,0.2902141957160856,0.0479465513853409
0.5856852562655226,0.2231900890437476,0,0,1,0,0,1,0,0,0,0.5560887822435513,0.5431472081218274,0.1608133086876155,0.3500255493101686,0.381457749299159,0.5380092398152037,0.1390744743564551
0.4888236622262362,0.4126984126984127,0,0,1,0,0,1,0,0,0,0.3419316136772645,0.3127684498242873,0.4261339399971563,0.28308635666837,0.0780937124549459,0.5758084838303233,0.4645313421104342
0.8105667193497403,0.0722028648857917,0,0,1,0,0,0,0,0,1,0.2861427714457107,0.1745411948457633,0.0500497653917247,0.1081587463805144,0.0720865038045654,0.5065098698026038,0.0661230104146197
0.5935877173176789,0.1829268292682926,1,0,0,0,0,0,1,0,0,0.4169166166766647,0.1175322139789144,0.1794397838760131,0.1081587463805144,0.355426511814177,0.0298194036119277,0.0494203183336608
0.7130277715059833,0.4161827332559039,1,0,0,0,0,1,0,0,0,0.3059388122375525,0.3073018352206169,0.1411915256647234,0.1405212059274399,0.3303964757709251,0.3091138177236455,0.0374582432697975
0.4145405283359674,0.3664343786295005,0,0,1,0,0,0,0,0,1,0.5458908218356329,0.4025771183131589,0.347646807905588,0.4173053994208823,0.2503003604325191,0.4267114657706845,0.3387698958538023
0.7972454278618198,0.1798296554394115,0,1,0,0,0,1,0,0,0,0.6550689862027594,0.6782506833268254,0.1184416323048485,0.3193663771078181,0.3634361233480176,0.4750104997900041,0.1169679701316565
0.712801986904493,0.6302748741773131,0,0,1,0,0,1,0,0,0,0.3785242951409717,0.4385005857087075,0.1582539456846296,0.2256855731561914,0.0971165398478173,0.6619067618647626,0.2778541953232462
0.4143147437344773,0.6018195896244676,0,0,1,0,1,0,0,0,0,0.2519496100779844,0.0839515814135103,0.0470638418882411,0.0669391926417986,0.0560672807368842,0.0424191516169676,0.0906857928866181
0.722736509370061,0.3689508323654665,1,0,0,0,0,1,0,0,0,0.2411517696460707,0.1323701679031628,0.0857386606000284,0.0262306251064554,0.2953544253103725,0.1810163796724065,0.0361564157987816
0.6994806954165725,0.7586140147115755,0,0,1,0,1,0,0,0,0,0.5620875824835032,0.3814916048418585,0.0521825678942129,0.373871572134219,0.3824589507408891,0.4855102897942041,0.0486834348595008
0.8846240686385187,0.1084010840108401,0,0,1,0,0,0,0,0,1,0.5158968206358728,0.4884810620851229,0.1070666856249111,0.2733776188042923,0.3273928714457349,0.8278034439311213,0.0943702102574179
0.5703319033641905,0.5725900116144018,0,1,0,0,0,1,0,0,0,0.5308938212357528,0.3283873486919172,0.0271576851983506,0.145631067961165,0.1912294753704445,0.5905081898362032,0.0322263706032619
0.8275005644615036,0.1389856755710414,0,1,0,0,0,0,0,1,0,0.4331133773245351,0.3112065599375244,0.0490544575572301,0.0809061488673139,0.1932318782539047,0.3301133977320453,0.0133130280998231
0.5838789794536012,0.464963221060782,0,1,0,0,0,1,0,0,0,0.4799040191961607,0.3814916048418585,0.0843167922650362,0.1694770907852154,0.3974769723668402,0.4498110037799243,0.0538416191786205
0.7909234590200948,0.6368563685636855,0,0,1,0,0,0,0,0,1,0.6340731853629274,0.5142522452167122,0.2193942840892933,0.2512348833248169,0.4581497797356829,0.6787064258714826,0.1778836706622126
0.5326258749153308,0.2644212156407278,1,0,0,0,0,1,0,0,0,0.1115776844631073,0.0995704802811401,0.1241291056448173,0.0165218872423777,0.2452943532238687,0.0663586728265434,0.0314894871291019
0.3050349966132309,0.0900116144018583,0,0,1,0,1,0,0,0,0,0.3695260947810438,0.1823506442795782,0.1198635006398407,0.1337080565491398,0.0210252302763316,0.1558168836623267,0.1152485753586166
0.7243170015804921,0.6341463414634145,0,0,1,0,0,1,0,0,0,0.3617276544691061,0.3377586880124951,0.2208161524242855,0.2086526997104411,0.1031237484981978,0.5275094498110037,0.1965513853409314
0.9616166177466696,0.1635694928377855,0,0,1,0,0,1,0,0,0,0.4841031793641271,0.4252245216712221,0.0506185127257216,0.1950264009538409,0.1281537845414497,0.5464090718185636,0.0862644920416584
0.6726123278392413,0.9738675958188152,0,1,0,0,0,1,0,0,0,0.6280743851229754,0.5408043732916828,0.1056448172899189,0.1660705160960654,0.420304365238286,0.626207475850483,0.0550697583022204
0.4052833596748701,0.4924506387921021,0,0,1,0,0,0,1,0,0,0.3599280143971205,0.2112456071846934,0.1347931181572586,0.1795264861182081,0.0941129355226271,0.4267114657706845,0.155040282963254
0.1560171596297132,0.22977158343012,0,1,0,0,0,0,1,0,0,1.0,0.4736431081608745,0.1312384473197782,0.1984329756429909,0.4805766920304366,0.5779084418311633,0.0317351149538219
0.5802664258297584,0.2905536198219124,0,0,1,0,0,1,0,0,0,0.5158968206358728,0.4556813744631003,0.0605715910706668,0.2880258899676375,0.2933520224269124,0.491810163796724,0.1046865788956572
0.6714834048317904,0.1682152535811072,0,0,1,0,0,0,1,0,0,0.3809238152369525,0.3049590003904724,0.2417176169486705,0.3048884346789303,0.1141369643572286,0.5758084838303233,0.2773629396738062
0.3461277940844434,0.3343012001548586,0,0,1,0,0,0,1,0,0,0.5200959808038392,0.4127294025771182,0.4383620076780891,0.4249701924714699,0.3344012815378454,0.5800083998320033,0.3196109255256435
0.1729510047414766,0.2967479674796747,0,1,0,0,0,0,1,0,0,0.5062987402519495,0.3447871925029285,0.0814730555950519,0.1149718957588145,0.1031237484981978,0.5191096178076438,0.0567891530752603
0.7398961390833144,0.4163763066202089,1,0,0,0,0,1,0,0,0,0.5698860227954409,0.5236235845372901,0.0999573439499502,0.1354113438937148,0.1922306768121746,0.5548089038219235,0.0162605619964629
0.5768796568074056,0.1318234610917537,0,0,1,0,0,0,1,0,0,0.274745050989802,0.2221788363920343,0.0500497653917247,0.0809061488673139,0.053063676411694,0.5044099118017639,0.0371389270976616
0.3912847143824791,0.4266356949283778,0,1,0,0,0,1,0,0,0,0.6526694661067787,0.4970714564623193,0.0794824399260628,0.2577073752342019,0.2142571085302363,0.6430071398572028,0.0479465513853409
0.2779408444344096,0.0667828106852497,0,0,1,0,1,0,0,0,0,0.3233353329334133,0.1503319016009371,0.1724726290345514,0.1354113438937148,0.0871045254305166,0.1327173456530869,0.1093535075653369
0.7753443215172724,0.6300813008130081,0,0,1,0,0,0,0,0,1,0.3881223755248949,0.3713393205778992,0.0391013792122849,0.1473343553057401,0.1441730076091309,0.6661066778664426,0.0481921792100609
0.4427636035222397,0.6718931475029035,0,0,1,0,1,0,0,0,0,0.3101379724055189,0.0706755173760249,0.033982653206313,0.062340316811446,0.0520624749699639,0.1054178916421671,0.0562978974258203
0.3973808986227138,0.5350367789392179,0,0,1,0,0,0,0,0,1,0.1739652069586082,0.0527137836782506,0.0,0.0076647930505876,0.0390468562274729,0.0193196136077278,0.0133130280998231
0.4508918491758862,0.1045296167247386,0,0,1,0,1,0,0,0,0,0.421115776844631,0.2760640374853572,0.0999573439499502,0.1388179185828649,0.0720865038045654,0.365812683746325,0.0830713303202986
0.454504402799729,0.2789392179636082,0,1,0,0,0,1,0,0,0,0.5776844631073785,0.4619289340101522,0.155268022181146,0.2355646397547266,0.3313976772126552,0.4666106677866442,0.1005109058754175
0.2718446601941747,0.5232288037166085,1,0,0,0,1,0,0,0,0,0.4763047390521895,0.3799297149550956,0.135077491824257,0.3086356668369954,0.3404084901882259,0.2272154556908861,0.0449990174887011
0.3328065025965229,0.4419279907084784,0,0,1,0,0,0,1,0,0,0.5740851829634073,0.433033971105037,0.252381629461112,0.3297564299097257,0.1521826191429715,0.5800083998320033,0.3510512870898015
0.4655678482727478,0.5400696864111498,0,0,1,0,0,0,1,0,0,0.5308938212357528,0.2682545880515423,0.0686762405801222,0.1495486288536876,0.171205446535843,0.3805123897522049,0.0351739044999017
0.1930458342741025,0.2768099109562524,0,1,0,0,0,0,1,0,0,0.5356928614277144,0.3565013666536508,0.0691028010806199,0.1882132515755407,0.1591910292350821,0.4729105417891641,0.0334545097268618
0.492436215850079,0.5873015873015872,0,0,1,0,0,0,0,0,1,0.5068986202759448,0.3244826239750097,0.0693871747476183,0.1711803781297905,0.2873448137765318,0.3532129357412851,0.092405187659658
0.4158952359449086,0.3664343786295005,0,0,1,0,0,0,0,0,1,0.5116976604679063,0.3775868801249511,0.3160813308687615,0.3633111905978539,0.2603123748498198,0.3973120537589247,0.3048732560424445
0.6349062993903815,0.6656987998451412,0,0,1,0,0,0,1,0,0,0.4607078584283143,0.3580632565404139,0.2208161524242855,0.2767841934934423,0.2172607128554265,0.4960100797984039,0.2950481430536451
0.4635357868593361,0.2802942315137436,0,1,0,0,0,1,0,0,0,0.5530893821235753,0.5415853182350643,0.2104365135788426,0.2067790836314086,0.2402883460152182,0.4435111297774043,0.1302318726665356
0.1309550688643034,0.2018970189701897,0,1,0,0,0,0,1,0,0,0.3863227354529094,0.2596641936743459,0.0668278117446324,0.1728836654743654,0.13215859030837,0.4414111717765645,0.0391039496954215
0.7058026642582975,0.3019744483159117,0,0,1,0,0,1,0,0,0,0.4559088182363526,0.4728621632174931,0.2137068107493246,0.2324987225344915,0.1421706047256708,0.5905081898362032,0.1496364708194144
0.54436667419282,0.1430507162214478,0,0,1,0,1,0,0,0,0,0.5374925014997,0.4033580632565404,0.0506185127257216,0.3265201839550332,0.8730476571886264,0.4603107937841243,0.0410689722931813
0.4788891397606682,0.694928377855207,0,0,1,0,1,0,0,0,0,0.3599280143971205,0.1065989847715735,0.1411915256647234,0.0962357349684892,0.0871045254305166,0.1747165056698865,0.185743761053252
0.2072702641679837,0.4305071622144792,0,0,1,0,0,0,1,0,0,0.3575284943011397,0.247169074580242,0.044362292051756,0.1081587463805144,0.1115338406087304,0.3448131037379252,0.0415602279426213
0.9223300970873785,0.1716995741385985,0,0,1,0,0,1,0,0,0,0.5140971805638872,0.4642717688402967,0.0560216123986918,0.1984329756429909,0.2492991589907889,0.5107097858042838,0.0742287286303792
0.6886430345450439,0.235191637630662,0,0,0,1,0,0,1,0,0,0.3971205758848229,0.3674345958609917,0.0885823972700128,0.146312382898995,0.3844613536243493,0.250314993700126,0.0445077618392611
0.7873109053962519,0.4618660472319008,1,0,0,0,0,1,0,0,0,0.4823035392921415,0.4767668879344005,0.0676809327456277,0.1626639414069153,0.3233880656788146,0.3973120537589247,0.0295244645313421
0.9701964326032964,0.2173828881145954,0,0,1,0,0,1,0,0,0,0.4613077384523095,0.4830144474814525,0.0497653917247263,0.1626639414069153,0.1171405686824189,0.3805123897522049,0.0481921792100609
0.8446601941747572,0.2059620596205962,1,0,0,0,0,1,0,0,0,0.3749250149970006,0.3010542756735649,0.1212853689748329,0.0962357349684892,0.1782138566279535,0.3826123477530448,0.014295539398703
0.7188981711447279,0.7295780100658149,0,1,0,0,0,0,1,0,0,0.5152969406118776,0.4096056228035923,0.028721740366842,0.1745869528189405,0.1511814177012415,0.3700125997480049,0.0052073098840636
0.2680063219688417,0.3490127758420441,0,0,1,0,0,0,1,0,0,0.5116976604679063,0.3978914486528699,0.1909569173894497,0.3551354113438937,0.210853023628354,0.4267114657706845,0.170760463745333
0.7184466019417475,0.7266744096012387,0,1,0,0,0,0,1,0,0,0.6100779844031193,0.3377586880124951,0.0544575572302004,0.1933231136092659,0.1762114537444933,0.4057118857622847,0.0233837689133425
0.8751411153759313,0.1651180797522261,0,0,1,0,0,0,0,0,1,0.5080983803239353,0.5353377586880124,0.1013792122849424,0.2614546073922671,0.4955947136563877,1.0,0.1255649439968559
0.2474599232332354,0.1076267905536198,0,0,1,0,1,0,0,0,0,0.3893221355728854,0.1846934791097227,0.1255509739798094,0.1234883324816896,0.0941129355226271,0.1894162116757664,0.139320102181175
0.2169790020320613,0.1482771970576848,0,0,1,0,1,0,0,0,0,0.5482903419316136,0.2190550566185083,0.1340821839897625,0.1115653210696644,0.0901081297557068,0.2230155396892061,0.0712811947337394
0.3802212689094603,0.4680603948896632,0,1,0,0,0,0,1,0,0,0.5542891421715657,0.5486138227254977,0.0892933314375089,0.2675864418327371,0.3063676411694033,0.6955060898782024,0.2053939870308508
0.5118536915782343,0.0230352303523035,1,0,0,0,0,1,0,0,0,0.5434913017396521,0.3252635689183912,0.2464097824541447,0.2631578947368421,0.2222667200640769,0.3427131457370852,0.0585085478483002
0.5452698125987807,0.8513356562137049,1,0,0,0,1,0,0,0,0,0.2549490101979603,0.2190550566185083,0.0103796388454429,0.0333844319536706,0.1992390869042851,0.1453170936581268,0.014541167223423
0.6378414992097539,0.4767711962833914,0,0,1,0,0,0,0,0,1,0.4451109778044391,0.4221007418976962,0.1070666856249111,0.2478283086356668,0.1682018422106528,0.6850062998740024,0.1630231872666535
0.6958681417927297,0.5842044134727061,0,0,1,0,0,0,0,0,1,0.3491301739652069,0.2737212026552127,0.2080193374093559,0.2171691364333162,0.0830997196635963,0.4204115917681646,0.2876793083120456
0.3953488372093022,0.4862562911343399,0,0,1,0,0,0,1,0,0,0.3449310137972405,0.2096837172979304,0.0547419308971989,0.1350706864247998,0.1181417701241489,0.4603107937841243,0.0825800746708587
0.3084217656355836,0.0261324041811846,0,1,0,0,0,0,1,0,0,0.7420515896820635,0.4385005857087075,0.3530499075785582,0.4249701924714699,0.6798157789347217,0.4477110457790844,0.3834741599528394
0.8654323775118535,0.4473480449090204,1,0,0,0,0,1,0,0,0,0.4505098980203958,0.4049199531433033,0.1468789990046921,0.2342020098790666,0.3033640368442131,0.376312473750525,0.0327176262527019
0.2619101377286069,0.1225319396051103,0,0,0,1,1,0,0,0,0,0.262747450509898,0.1245607184693478,0.098535475614958,0.1047521716913643,0.0780937124549459,0.1222175556488869,0.139565730005895
0.7453149695190787,0.4225706542779712,1,0,0,0,0,1,0,0,0,0.3539292141571686,0.2955876610698945,0.0956917389449737,0.1285981945154147,0.2492991589907889,0.3469130617387651,0.0177343289447828
0.1693384511176338,0.1221447928765002,1,0,0,0,1,0,0,0,0,0.2531493701259748,0.2089027723545489,0.0634153277406512,0.0621699880769885,0.2643171806167401,0.1558168836623267,0.0228925132639025
0.6689997742153985,0.7994579945799457,0,1,0,0,0,0,0,0,1,0.5236952609478105,0.350253807106599,0.039812313379781,0.1950264009538409,0.1872246696035242,0.3280134397312053,0.0449990174887011
0.7398961390833144,0.4357336430507161,1,0,0,0,0,1,0,0,0,0.3449310137972405,0.3033971105037094,0.0469216550547419,0.086016010901039,0.0170204245094112,0.4855102897942041,0.0191589703281587
0.8491758862045607,0.5358110723964382,0,0,1,0,0,1,0,0,0,0.3401319736052789,0.3955486138227254,0.1667851556945826,0.2086526997104411,0.119743692430917,0.5380092398152037,0.21890351739045
0.3901557913750282,0.4355400696864111,0,1,0,0,0,1,0,0,0,0.4373125374925014,0.5767278406872315,0.1345087444902602,0.199114290580821,0.2332799359231077,0.6031079378412431,0.0322263706032619
0.2510724768570783,0.2820363917924893,0,0,0,1,0,1,0,0,0,0.3977204559088182,0.3112065599375244,0.0695293615811176,0.1933231136092659,0.1141369643572286,0.6031079378412431,0.076685006877579
0.6778053736735153,0.884243128145567,0,1,0,0,1,0,0,0,0,0.7360527894421115,0.3604060913705583,0.0555950518981942,0.4658490887412707,0.657989587505006,0.4330113397732045,0.0690705443112595
0.6410024836306164,0.2090592334494773,0,0,1,0,0,0,1,0,0,0.7930413917216557,0.4572432643498632,0.4467510308545429,0.5212059274399592,0.4365238285943132,0.4393112137757244,0.6728237374729809
0.1948521110860239,0.2791327913279132,0,1,0,0,0,0,1,0,0,0.6040791841631673,0.4299101913315111,0.069813735248116,0.1473343553057401,0.2062474969963957,0.4813103737925241,0.031243859304382
0.5631067961165048,0.2235772357723577,0,0,1,0,0,1,0,0,0,0.6442711457708458,0.8141351034752049,0.151997725010664,0.3665474365525464,0.3083700440528635,0.6745065098698025,0.1189329927294163
0.9300067735380446,0.5402632597754549,1,0,0,0,0,1,0,0,0,0.4115176964607078,0.3658727059742287,0.1042229489549267,0.0928291602793391,0.250100120144173,0.5842083158336833,0.0241206523875024
0.0,0.2590011614401858,1,0,0,0,0,0,1,0,0,0.4409118176364727,0.3158922295978133,0.1056448172899189,0.1030488843467893,0.4565478574289147,0.3322133557328852,0.1091078797406169
0.9819372318807856,0.1093689508323654,0,1,0,0,0,1,0,0,0,0.3647270545890821,0.344006247559547,0.0634153277406512,0.1694770907852154,0.0841009211053264,0.4582108357832842,0.0445077618392611
0.2149469406186498,0.1906697638404955,0,0,1,0,0,0,0,0,1,0.8680263947210558,0.3650917610308473,0.114176027299872,0.2154658490887412,0.26231477773328,0.3259134817303653,0.0727549616820593
0.4127342515240459,0.6927990708478512,0,0,1,0,1,0,0,0,0,0.4901019796040792,0.1745411948457633,0.0575856675671832,0.1081587463805144,0.0891069283139767,0.2062158756824863,0.1041953232462173
0.4750508015353353,0.602787456445993,0,0,1,0,0,0,0,0,1,0.1679664067186562,0.0542756735650136,0.0914261339399971,0.0672798501107136,0.0380456547857429,0.113397732045359,0.0857732363922185
0.6080379318130503,0.3046844754161827,0,0,1,0,0,1,0,0,0,0.5170965806838631,0.6977743069113627,0.0931323759419877,0.3048884346789303,0.4195034040849019,0.5443091138177236,0.1292493613676557
0.3023255813953488,0.4827719705768485,0,0,1,0,0,0,1,0,0,0.602879424115177,0.5056618508395158,0.1800085312100099,0.3694430250383239,0.5106127352823389,0.4498110037799243,0.1788661819610925
0.3980582524271844,0.4879984514130855,0,0,1,0,0,0,1,0,0,0.3569286142771445,0.2190550566185083,0.126546281814304,0.1785045137114631,0.0881057268722466,0.4267114657706845,0.1734623698172528
0.5972002709415217,0.3033294618660472,0,0,1,0,0,1,0,0,0,0.4721055788842231,0.5532994923857867,0.0712356035831082,0.229943791517629,0.1952342811373648,0.6640067198656026,0.0882295146394183
0.4745992323323549,0.5396825396825397,0,0,1,0,0,0,1,0,0,0.400119976004799,0.2346739554861381,0.0267311246978529,0.1275762221086697,0.0380456547857429,0.4750104997900041,0.0278050697583022
0.5940392865206592,0.2266744096012388,0,0,1,0,0,1,0,0,0,0.6100779844031193,0.6392034361577508,0.1926631593914403,0.4057230454777721,0.3504205046055267,0.5968080638387232,0.1987620357634112
0.2731993678031158,0.1248548199767711,0,0,1,0,1,0,0,0,0,0.3023395320935812,0.1378367825068332,0.1198635006398407,0.087719298245614,0.1111333600320384,0.1411171776564468,0.0828257024955786
0.922781666290359,0.1912504839334107,0,0,1,0,0,1,0,0,0,0.6328734253149371,0.4923857868020304,0.0720887245841035,0.2239822858116164,0.2342811373648378,0.6283074338513229,0.0856504224798585
0.030480921201174,0.2183507549361207,1,0,0,0,0,1,0,0,0,0.4499100179964006,0.2424834049199531,0.0655481302431394,0.0911258729347641,0.0480576692030436,0.3007139857202855,0.0039791707604637
0.260781214721156,0.0,0,1,0,0,0,1,0,0,0,0.5092981403719256,0.4541194845763373,0.129816578984786,0.2188724237778913,0.1852222667200641,0.6766064678706425,0.0941245824326979
0.7800857981485663,0.1128532713898567,0,1,0,0,0,1,0,0,0,0.4451109778044391,0.3635298711440843,0.05090288639272,0.1013455970022142,0.0720865038045654,0.3532129357412851,0.0243662802122224
0.6997064800180627,0.6792489353464963,0,1,0,0,0,0,1,0,0,0.7960407918416316,0.4463100351425224,0.0671121854116308,0.2324987225344915,0.3894673608329996,0.3343133137337253,0.0489290626842208
0.8853014224429893,0.1091753774680604,0,0,1,0,0,0,0,0,1,0.5428914217156569,0.4767668879344005,0.1028010806199345,0.2376085845682166,0.2793352022426912,0.848803023939521,0.0870013755158184
0.652065929103635,0.732481610530391,0,0,1,0,0,0,0,0,1,0.6460707858428314,0.4455290901991409,0.0631309540736527,0.2495315959802418,0.3534241089307169,0.365812683746325,0.0413146001179013
0.8582072702641679,0.0996902826171118,0,0,1,0,0,0,0,0,1,0.3629274145170965,0.3635298711440843,0.063273140907152,0.1626639414069153,0.2573087705246296,0.5023099538009239,0.0936333267832579
0.2948746895461729,0.1337591947348044,0,0,1,0,1,0,0,0,0,0.2771445710857828,0.1347130027333073,0.1397696573297312,0.0945324476239141,0.0820985182218662,0.1411171776564468,0.1813224602082923
0.1424700835403026,0.3373983739837398,0,0,1,0,0,1,0,0,0,0.5062987402519495,0.5775087856306129,0.1028010806199345,0.2103559870550162,0.2022426912294753,0.500209995800084,0.0690705443112595
0.7335741702415896,0.8923732094463802,1,0,0,0,1,0,0,0,0,0.5356928614277144,0.4345958609918,0.0408076212142755,0.1354113438937148,0.1275530636764117,0.487610247795044,0.0282963254077421
0.41770151275683,0.6989934185056136,0,0,1,0,1,0,0,0,0,0.415116976604679,0.1721983600156189,0.082894923930044,0.0928291602793391,0.0971165398478173,0.1978160436791264,0.0919139320102181
0.8877850530593813,0.1072396438250096,0,0,1,0,0,0,0,0,1,0.5290941811637673,0.4845763373682155,0.0999573439499502,0.2665644694259921,0.2783340008009611,0.8068038639227215,0.1132835527608567
0.7137051253104538,0.7332559039876113,1,0,0,0,0,0,1,0,0,0.7180563887222555,0.5025380710659898,0.1326603156547703,0.3108499403849429,0.6035242290748899,0.4813103737925241,0.0287875810571821
0.4158952359449086,0.356755710414247,0,0,1,0,0,0,0,0,1,0.5818836232753448,0.5119094103865677,0.2958908005118726,0.4721512519161982,0.2513015618742491,0.5674086518269633,0.3414718019257221
0.7453149695190787,0.4202477739063104,1,0,0,0,0,1,0,0,0,0.2549490101979603,0.2229597813354158,0.129816578984786,0.1166751831033895,0.2803364036844213,0.2734145317093658,0.014295539398703
0.953262587491533,0.1506000774293457,0,0,1,0,0,1,0,0,0,0.3989202159568086,0.4260054666146036,0.0531778757287075,0.1728836654743654,0.1421706047256708,0.4267114657706845,0.0413146001179013
0.3935425603973809,0.4283778552071234,0,1,0,0,0,1,0,0,0,0.5392921415716857,0.4385005857087075,0.1035120147874306,0.1963890308295009,0.1952342811373648,0.6850062998740024,0.0413146001179013
0.4339580040641227,0.0375532326751838,0,0,1,0,0,0,1,0,0,0.4679064187162568,0.4283483014447481,0.0692449879141191,0.1882132515755407,0.1085302362835402,0.5737085258294834,0.0513853409314207
0.5764280876044253,0.1159504452187378,0,0,1,0,0,0,1,0,0,0.4193161367726454,0.3260445138617727,0.0695293615811176,0.2374382558337592,0.0991189427312775,0.5485090298194035,0.0889663981135782
0.5929103635132084,0.2280294231513743,0,0,1,0,0,1,0,0,0,0.5920815836832632,0.6446700507614213,0.1419024598322195,0.3464486458865611,0.315378454144974,0.6598068038639227,0.1624091177048535
0.4673741250846691,0.2826171118854045,0,1,0,0,0,1,0,0,0,0.7204559088182363,0.7992971495509565,0.1581117588511303,0.2231306421393289,0.2993592310772928,0.6304073918521629,0.0892120259382982
0.5459471664032512,0.156794425087108,0,0,1,0,1,0,0,0,0,0.3221355728854229,0.1807887543928152,0.1979240722309114,0.3675694089592913,0.3344012815378454,0.239815203695926,0.155777166437414
0.8995258523368705,0.5811072396438249,0,0,0,1,0,1,0,0,0,0.3887222555488901,0.3588442014837953,0.2137068107493246,0.1950264009538409,0.1633960752903484,0.7207055858882822,0.21742975044213
0.7435086927071572,0.6103368176538908,1,0,0,0,0,1,0,0,0,0.3749250149970006,0.3127684498242873,0.0555950518981942,0.1285981945154147,0.1011213456147376,0.6493070138597228,0.0192080958931027
0.4716640325129826,0.6058846302748742,0,0,1,0,0,0,0,0,1,0.1931613677264546,0.0519328387348691,0.0054030996729702,0.0359393629705331,0.0280336403684421,0.1049979000419991,0.0241206523875024
0.4725671709189433,0.6049167634533488,0,0,1,0,0,0,0,0,1,0.2201559688062387,0.0706755173760249,0.1056448172899189,0.0843127235564639,0.0340408490188225,0.113817723645527,0.0833169581450186
0.8044705351095055,0.5288424312814556,0,0,1,0,0,1,0,0,0,0.4757048590281943,0.3533775868801249,0.1212853689748329,0.2290921478453415,0.2352823388065679,0.3868122637547249,0.108125368441737
0.7640550914427635,0.8517228029423152,0,0,1,0,0,0,0,0,1,0.7300539892021595,0.4830144474814525,0.0601450305701692,0.4965082609436212,0.3524229074889868,0.5212095758084838,0.1334250343878954
0.1388575299164597,0.1629887727448703,0,0,1,0,1,0,0,0,0,0.2825434913017396,0.1159703240921515,0.129816578984786,0.0928291602793391,0.0680816980376451,0.1264174716505669,0.1174592257810964
0.4436667419282004,0.6709252806813782,0,0,1,0,1,0,0,0,0,0.3449310137972405,0.0573994533385396,0.031992037537324,0.0517799352750809,0.0430516619943932,0.0902981940361192,0.0494203183336608
0.5398509821630164,0.6134339914827719,0,0,1,0,0,0,0,0,1,0.2621475704859027,0.0667707926591175,0.0297170482013365,0.0337250894225855,0.080096115338406,0.1600167996640066,0.0319807427785419
0.458342741025062,0.4535423925667827,0,1,0,0,0,1,0,0,0,0.5800839832033593,0.6079656384224911,0.0735105929190957,0.2156361778231988,0.2903484181017221,0.611507769844603,0.0481921792100609
0.8688191465342063,0.1837011227255129,0,0,1,0,0,0,0,0,1,0.4409118176364727,0.3244826239750097,0.1639414190245983,0.2597513200476921,0.1561874249098918,0.4855102897942041,0.2225879347612497
0.6369383608037931,0.4775454897406117,0,0,1,0,0,0,0,0,1,0.439112177564487,0.3401015228426395,0.0814730555950519,0.203542837676716,0.1692030436523828,0.5758084838303233,0.1175820396934564
0.4411831113118084,0.386566008517228,0,0,1,0,0,1,0,0,0,0.6856628674265146,0.5767278406872315,0.1757429262050334,0.3309487310509282,0.1571886263516219,0.4729105417891641,0.1641285124778934
0.2750056446150372,0.2553232675183894,0,0,1,0,0,0,1,0,0,0.4499100179964006,0.2909019914096055,0.0814730555950519,0.2154658490887412,0.0981177412895474,0.5527089458210835,0.093142071133818
0.5362384285391736,0.4388308168795973,0,0,1,0,0,1,0,0,0,0.4139172165566886,0.436157750878563,0.0969714204464666,0.230284448986544,0.2362835402482979,0.5065098698026038,0.0641579878168598
0.13930909911944,0.1957026713124274,0,1,0,0,0,0,1,0,0,0.7060587882423515,0.4135103475204997,0.6288923645670411,0.3534321239993186,0.3844613536243493,0.3427131457370852,0.3466299862448417
0.7146082637164145,0.4076655052264808,1,0,0,0,0,1,0,0,0,0.0959808038392321,0.065989847715736,0.2193942840892933,0.1030488843467893,0.2503003604325191,0.0272994540109197,0.0348791511102377
0.5601715962971325,0.0898180410375532,0,1,0,0,0,0,1,0,0,0.9556088782243553,0.5251854744240531,0.7496089862078772,0.8274569919945495,0.734881858229876,0.3994120117597647,0.6661917862055413
0.6082637164145405,0.3035230352303523,0,0,1,0,0,1,0,0,0,0.4859028194361127,0.6446700507614213,0.0888667709370112,0.2796797819792199,0.288346015218262,0.5065098698026038,0.1140204362350166
0.5093700609618423,0.6540843979868369,0,1,0,0,1,0,0,0,0,0.3329334133173365,0.1839125341663412,0.0086733968434523,0.0,0.0490588706447737,0.2041159176816463,0.0
0.6448408218559494,0.3834688346883468,1,0,0,0,0,1,0,0,0,0.4481103779244151,0.336196798125732,0.0800511872600597,0.0792028615227389,0.0981177412895474,0.2839143217135657,0.0111023776773432
0.4447956649356513,0.5611691831204026,0,0,0,1,0,0,0,0,1,0.2891421715656869,0.0800468566966028,0.0379638845442912,0.0945324476239141,0.0470564677613135,0.0833683326333473,0.0747199842798192
0.7568299841950779,0.502710027100271,0,0,1,0,0,0,0,0,1,0.5428914217156569,0.6501366653650917,0.0914261339399971,0.2597513200476921,0.341409691629956,0.4855102897942041,0.1827962271566122
0.6660645743960261,0.8120402632597754,0,1,0,0,0,0,0,0,1,0.8860227954409118,0.4353768059351815,0.1312384473197782,0.5390904445579969,0.604725670804966,0.4057118857622847,0.2778541953232462
0.6484533754797922,0.5580720092915215,0,1,0,0,0,1,0,0,0,0.3779244151169766,0.3385396329558766,0.057443480733684,0.1200817577925396,0.0951141369643572,0.6955060898782024,0.0264541167223423
0.1083766087152856,0.2036391792489353,0,0,1,0,0,0,1,0,0,0.3893221355728854,0.2581023037875829,0.0602872174036684,0.1660705160960654,0.2162595114136964,0.4477110457790844,0.0383670662212615
0.3043576428087604,0.0911730545876887,0,0,1,0,1,0,0,0,0,0.3233353329334133,0.1589222959781335,0.1312384473197782,0.1320047692045648,0.0180216259511413,0.1411171776564468,0.1484083316958145
0.8674644389252653,0.1802168021680216,0,0,1,0,0,0,0,0,1,0.3971205758848229,0.2877782116360796,0.1582539456846296,0.1814001021972406,0.1371645975170204,0.4603107937841243,0.1753045785026527
0.3133890268683675,0.1252419667053813,0,0,1,0,1,0,0,0,0,0.319736052789442,0.1401796173369777,0.1283947106497938,0.0826094362118889,0.066079295154185,0.1285174296514069,0.1213892709766162
0.6215850079024611,0.7733255903987611,0,0,1,0,0,0,0,0,1,0.5560887822435513,0.391643889105818,0.1909569173894497,0.2137625617441662,0.2022426912294753,0.1026879462410751,0.1702692080958931
0.4009934522465567,0.7094463801780875,0,0,1,0,1,0,0,0,0,0.4769046190761847,0.1784459195626708,0.0745059007535902,0.1371146312382899,0.0851021225470564,0.2671146577068458,0.0562978974258203
0.4070896364867915,0.2528068137824235,0,1,0,0,0,1,0,0,0,0.6520695860827833,0.4150722374072627,0.0500497653917247,0.2410151592573667,0.1071285542651181,0.4288114237715246,0.0317351149538219
0.5290133212914879,0.0898180410375532,0,1,0,0,0,0,1,0,0,0.6880623875224955,0.4603670441233892,0.1241291056448173,0.3568386986884687,0.2583099719663597,0.7186056278874422,0.0599823147966201
0.7466696771280198,0.4200542005420054,1,0,0,0,0,1,0,0,0,0.4421115776844631,0.3346349082389691,0.1155978956348642,0.1234883324816896,0.1722066479775731,0.4267114657706845,0.0112251915897032
0.3497403477082862,0.5089043747580333,0,0,1,0,1,0,0,0,0,0.1985602879424114,0.1222178836392034,0.0824683634295464,0.1117356498041219,0.1041249499399279,0.1810163796724065,0.0838082137944586
0.9686159403928652,0.1647309330236159,0,0,1,0,0,1,0,0,0,0.3617276544691061,0.3682155408043732,0.0625622067396559,0.14392778061659,0.1351621946335603,0.4897102057958841,0.0523678522303006
0.389930006773538,0.1860240030971738,0,1,0,0,1,0,0,0,0,0.4613077384523095,0.2807497071456462,0.0942698706099815,0.1916198262646908,0.0480576692030436,0.5506089878202435,0.0970721163293377
0.6825468503048091,0.6918312040263259,0,1,0,0,0,0,1,0,0,0.3401319736052789,0.1885982038266302,0.0304279823688326,0.1064554590359393,0.1081297557068482,0.2629147417051658,0.0349282766751817
0.8618198238880107,0.2727448703058459,0,0,1,0,0,1,0,0,0,0.602879424115177,0.5415853182350643,0.1340821839897625,0.2767841934934423,0.4034841810172207,0.5443091138177236,0.1175820396934564
0.8656581621133438,0.1765389082462253,0,0,1,0,0,0,0,0,1,0.3539292141571686,0.2292073408824677,0.0642684487416465,0.1371146312382899,0.0851021225470564,0.5275094498110037,0.0973177441540577
0.7001580492210431,0.6780874951606659,0,1,0,0,0,0,1,0,0,0.7780443911217756,0.5368996485747755,0.0675387459121285,0.2103559870550162,0.407488986784141,0.487610247795044,0.0550697583022204
0.6044253781892075,0.7063492063492063,0,0,1,0,1,0,0,0,0,0.3485302939412117,0.2620070285044904,0.0412341817147732,0.1166751831033895,0.1221465758910692,0.1257874842503149,0.030506975830222
0.6581621133438699,0.8162988772744869,0,1,0,0,0,0,0,0,1,0.6700659868026394,0.3463490823896915,0.0857386606000284,0.4079373190257196,0.4034841810172207,0.3028139437211256,0.156022794262134
0.5585911040867012,0.0925280681378242,0,1,0,0,0,0,1,0,0,0.6340731853629274,0.4416243654822334,0.3928622209583392,0.5288707204905467,0.2513015618742491,0.4624107517849642,0.3294360385144429
0.3903815759765184,0.4274099883855982,0,1,0,0,0,1,0,0,0,0.6022795440911817,0.4275673565013665,0.0914261339399971,0.1587463805143928,0.1271525830997196,0.5632087358252834,0.0764393790528591
0.6008128245653647,0.5319396051103368,0,0,1,0,0,1,0,0,0,0.5890821835632873,0.4205388520109331,0.2051756007393715,0.2938170669391926,0.2853424108930717,0.5905081898362032,0.186971900176852
0.6820952811018288,0.8904374758033293,0,1,0,0,1,0,0,0,0,0.6760647870425914,0.4088246778602108,0.0567325465661879,0.4760688128087209,0.8193832599118944,0.4246115077698446,0.0818431911966987
0.5762023030029352,0.8079752226093689,0,0,1,0,1,0,0,0,0,0.3605278944211157,0.1651698555251854,0.0297170482013365,0.063021631749276,0.3374048858630357,0.1245275094498109,0.0248575358616624
0.6583878979453601,0.2766163375919473,0,1,0,0,0,1,0,0,0,0.5098980203959208,0.4416243654822334,0.0700981089151144,0.2515755407937319,0.2382859431317581,0.3973120537589247,0.0391039496954215
0.3156468728832693,0.3751451800232288,1,0,0,0,0,1,0,0,0,0.6760647870425914,0.5673565013666535,0.1653632873595905,0.2273888605007664,0.4745694833800561,0.4540109197816042,0.0528591078797406
0.3120343192594265,0.2005420054200541,0,0,1,0,0,0,1,0,0,0.5182963407318536,0.3689964857477547,0.1483008673396843,0.3653551354113439,0.3644373247897478,0.4267114657706845,0.1383375908822951
0.573492887785053,0.1310491676345335,0,0,1,0,0,0,1,0,0,0.2777444511097779,0.1636079656384224,0.1204322479738376,0.1117356498041219,0.0951141369643572,0.2566148677026459,0.0788956573000589
0.4204109279747121,0.1451800232288037,0,0,1,0,1,0,0,0,0,0.1811637672465506,0.0433424443576727,0.0493388312242286,0.0548458524953159,0.0280336403684421,0.1453170936581268,0.0287875810571821
0.2375254007676676,0.3896631823461091,0,0,1,0,0,1,0,0,0,0.6280743851229754,0.522061694650527,0.1198635006398407,0.3363992505535683,0.2859431317581097,0.4645107097858042,0.1422676360778148
0.7166403251298261,0.8255903987611304,0,0,1,0,1,0,0,0,0,0.4169166166766647,0.2323311206559937,0.0109483861794397,0.1524442173394651,0.1025230276331597,0.376312473750525,0.0381214383965415
0.5409799051704673,0.8449477351916376,1,0,0,0,1,0,0,0,0,0.3647270545890821,0.2432643498633346,0.0669699985781316,0.0911258729347641,0.2382859431317581,0.115077698446031,0.0113480055020632
0.867012869722285,0.1790553619821912,0,0,1,0,0,0,0,0,1,0.3881223755248949,0.3268254588051542,0.0682496800796246,0.1541475046840402,0.1631958350020024,0.5485090298194035,0.0985458832776576
0.9598103409347484,0.1658923732094464,0,0,1,0,0,1,0,0,0,0.4409118176364727,0.4197579070675516,0.0503341390587231,0.1643672287514903,0.145174209050861,0.5422091558168837,0.0710355669090194
0.3039060736057801,0.0993031358885017,0,0,1,0,1,0,0,0,0,0.2951409718056388,0.1206559937524404,0.0999573439499502,0.0809061488673139,0.0160192230676812,0.1222175556488869,0.1221261544507761
0.5874915330774441,0.6395663956639566,0,0,1,0,0,0,1,0,0,0.2981403719256148,0.1440843420538851,0.0435091710507607,0.0774995741781638,0.0630756908289948,0.3364132717345652,0.0488062487718608
0.5274328290810566,0.60840108401084,0,0,1,0,0,0,0,0,1,0.2579484103179363,0.0917610308473252,0.0099530783449452,0.0008516436722875,0.053063676411694,0.1642167156656866,0.0025054038121438
0.6107473470309325,0.2497096399535424,1,0,0,0,0,1,0,0,0,0.3341331733653269,0.4713002733307301,0.2327598464382198,0.286833588826435,0.7589106928313977,0.5968080638387232,0.2692572214580467
0.5615263039060736,0.6746031746031746,0,0,1,0,0,0,0,0,1,0.3161367726454709,0.2034361577508785,0.0238873880278686,0.1030488843467893,0.0851021225470564,0.2608147837043258,0.0294753389663981
0.3668999774215398,0.575687185443283,0,0,1,0,1,0,0,0,0,0.3311337732453508,0.1511128465443186,0.4348073368406085,0.200476920456481,0.0780937124549459,0.1390172196556068,0.3842110434269994
0.1939489726800632,0.2799070847851335,0,1,0,0,0,0,1,0,0,0.8620275944811037,0.4900429519718858,0.1639414190245983,0.3278828138306933,0.735883059671606,0.4498110037799243,0.0882295146394183
0.6985775570106119,0.6806039488966318,0,1,0,0,0,0,1,0,0,0.7180563887222555,0.4642717688402967,0.1682070240295748,0.315959802418668,0.367440929114938,0.3385132297354052,0.1294949891923757
0.0778956875141115,0.2444831591173054,0,0,1,0,0,0,1,0,0,0.5620875824835032,0.4072627879734478,0.1113322906298876,0.2359052972236416,0.1381657989587505,0.6703065938681225,0.0577716643741403
0.655678482727478,0.9070847851335656,0,0,1,0,0,0,1,0,0,0.498500299940012,0.3416634127294025,0.0244561353618654,0.1728836654743654,0.1956347617140569,0.4330113397732045,0.0587541756730202
0.6802890042899074,0.8915989159891597,0,1,0,0,1,0,0,0,0,0.5386922615476905,0.3182350644279578,0.0644106355751457,0.4709589507749957,1.0,0.3700125997480049,0.0688249164865395
0.2743282908105667,0.1240805265195509,0,0,1,0,1,0,0,0,0,0.2561487702459507,0.1308082780163998,0.1497227356746765,0.1592573667177652,0.1211453744493392,0.1474170516589668,0.1348988013362153
0.2034319259426507,0.2559039876113047,0,0,1,0,0,0,1,0,0,0.5386922615476905,0.3518156969933619,0.0675387459121285,0.0996423096576392,0.1832198638366039,0.4750104997900041,0.0238750245627824
0.9361029577782792,0.0836236933797909,0,0,1,0,0,1,0,0,0,0.4529094181163767,0.4010152284263958,0.0591497227356746,0.2273888605007664,0.1471766119343212,0.5905081898362032,0.0795097268618588
0.6251975615263038,0.9477351916376306,0,0,1,0,0,1,0,0,0,0.5206958608278344,0.5197188598203826,0.0608559647376652,0.2444217339465168,0.3372046455746896,0.5338093238135238,0.0862644920416584
0.4140889591329871,0.7005420054200541,0,0,1,0,1,0,0,0,0,0.4601079784043191,0.1745411948457633,0.0517560073937153,0.1251916198262646,0.0740889066880256,0.2062158756824863,0.0641579878168598
0.7030932490404154,0.93321718931475,0,0,1,0,0,0,1,0,0,0.3923215356928614,0.3041780554470909,0.0580122280676809,0.1405212059274399,0.1429715658790548,0.3931121377572447,0.0911770485360581
0.4626326484533755,0.5412311265969801,0,0,1,0,0,0,1,0,0,0.6298740251949609,0.3049590003904724,0.1241291056448173,0.1609606540623403,0.2252703243892671,0.4309113817723645,0.0838082137944586
0.4621810792503951,0.5400696864111498,0,0,1,0,0,0,1,0,0,0.7090581883623275,0.299492385786802,0.2547988056305986,0.2410151592573667,0.3043652382859432,0.3889122217555648,0.171742975044213
0.6617746669677128,0.4504452187379016,0,0,1,0,0,0,1,0,0,0.5308938212357528,0.4728621632174931,0.1838475757144888,0.2972236416283427,0.1531838205847016,0.4183116337673246,0.2790823344468461
0.5762023030029352,0.8068137824235385,0,0,1,0,1,0,0,0,0,0.3281343731253748,0.1823506442795782,0.0399545002132802,0.0269119400442854,0.0981177412895474,0.1041579168416631,0.0287875810571821
0.7146082637164145,0.4154084397986837,1,0,0,0,0,1,0,0,0,0.4919016196760647,0.4572432643498632,0.1824257073794966,0.1711803781297905,0.3484181017220665,0.5023099538009239,0.0366476714482216
0.8959132987130276,0.4065040650406504,1,0,0,0,0,1,0,0,0,0.2351529694061187,0.2705974228816868,0.0567325465661879,0.2461250212910918,0.2703243892671206,0.2776144477110457,0.046718412261741
0.5513659968390155,0.0878823073945024,0,1,0,0,0,0,1,0,0,0.4217156568686262,0.2737212026552127,0.4554244276979953,0.3210696644523931,0.1331597917501001,0.5695086098278034,1.0
0.4680514788891398,0.1713124274099883,0,0,0,1,1,0,0,0,0,0.5740851829634073,0.3596251464271768,0.4767524527228779,0.5118378470447964,0.2352823388065679,0.361612767744645,0.700334053841619
0.1864980808308873,0.1891211769260549,0,0,1,0,0,0,0,0,1,0.5920815836832632,0.3447871925029285,0.169628892364567,0.2972236416283427,0.2503003604325191,0.2566148677026459,0.7199842798192178
0.572138180176112,0.1310491676345335,0,0,1,0,0,0,1,0,0,0.2279544091181763,0.1019133151112846,0.0764965164225792,0.0797138477261114,0.0370444533440128,0.2125157496850062,0.0575260365494203
0.5441408895913298,0.8507549361207897,1,0,0,0,1,0,0,0,0,0.379124175164967,0.2526356891839125,0.0359732688753021,0.0723897121444387,0.1351621946335603,0.1621167576648466,0.0118392611515032
0.7836983517724091,0.2874564459930313,0,0,1,0,0,1,0,0,0,0.602879424115177,0.6329558766106989,0.2122849424143324,0.3381025378981435,0.26231477773328,0.5695086098278034,0.2417469050894085
0.5202077218333709,0.6041424699961285,0,0,1,0,0,0,0,0,1,0.2099580083983203,0.0847325263568918,0.0678231195791269,0.0090274229262476,0.0330396475770925,0.1411171776564468,0.0604735704460601
0.8482727477986001,0.3803716608594656,1,0,0,0,0,0,0,1,0,0.3557288542291541,0.3721202655212807,0.1070666856249111,0.0911258729347641,0.2172607128554265,0.1936161276774464,0.0120848889762232
0.8561752088507564,0.5331010452961672,0,0,1,0,0,1,0,0,0,0.5068986202759448,0.4783287778211635,0.0568747333996872,0.2767841934934423,0.1419703644373248,0.6472070558588828,0.1073884849675771
