season,river_size,fluid_velocity,concentration_1,concentration_2,concentration_3,concentration_4,concentration_5,concentration_6,concentration_7,concentration_8,algae_1
summer,small_,medium,0.3902439024390245,0.7413793103448277,0.045435726005551,0.1995053586150041,0.0809207259460903,0.0233781414377556,0.0770954728821156,0.0208605427369032,0.0801781737193764
spring,medium,medium,0.6341463414634145,0.4310344827586208,0.3300798920460644,0.2733718054410552,0.2872685771086207,0.2314436002337814,0.4168534289556252,0.1160934552314613,0.0178173719376391
winter,medium,low___,0.6902439024390243,0.6982758620689656,0.0955279877733989,0.0680956306677658,0.12839421850113,0.0736411455289304,0.2043926490363066,0.104302713684516,0.1024498886414253
summer,small_,high__,0.4268292682926828,0.7413793103448277,0.017322721952167,0.1416323165704864,0.0474734925550396,0.0946814728229105,0.1084715374271627,0.0054418807139747,0.5634743875278396
winter,large_,medium,0.5853658536585367,0.5,0.0070998113873,0.2588623248145095,0.0053947150630726,0.0,0.0089645898700134,0.0054418807139747,0.0
winter,large_,low___,0.7560975609756098,0.853448275862069,0.0542928557189517,0.3103874690849134,0.0932746234405268,0.086499123319696,0.1470192738682205,0.152372659991293,0.0
spring,small_,high__,0.3902439024390245,0.6379310344827587,0.0014772105766232,0.0529266281945589,0.0819996689587048,0.0341320864991233,0.0304796055580457,0.0027209403569873,0.1726057906458797
autumn,small_,high__,0.4975609756097561,0.7327586206896554,0.0869279642607046,0.2425391591096455,0.0393058939495476,0.0374050263004091,0.0727333034513671,0.0655746626033957,0.2583518930957684
winter,medium,low___,0.5121951219512195,0.3017241379310345,0.1664059824472625,0.2389942291838417,0.3950128945018909,0.1171502045587375,0.327506965486329,0.1541866202292846,0.6536748329621381
winter,medium,medium,0.7073170731707317,0.5862068965517242,0.3204320202004712,0.3114591920857378,0.1285744019842366,0.4601589479836352,0.5420582877633349,0.360978087360325,0.0
winter,medium,low___,0.7073170731707317,0.5603448275862071,0.0929288127622815,0.4643033800494641,0.470238980806262,0.3459964932787843,0.4757759031824294,0.178012987955304,0.0278396436525612
summer,small_,medium,0.5853658536585367,0.4655172413793104,0.2038908397609883,0.1613355317394888,0.1826499468334646,0.1095429573348918,0.2020869565217391,0.039000145116819,0.0779510022271715
spring,medium,high__,0.4390243902439026,0.6896551724137933,0.0275456325170339,0.2666941467436108,0.2697357531536344,0.0882524839275277,0.0998063648588077,0.0163256421419242,0.1202672605790645
summer,medium,low___,0.5121951219512195,0.8017241379310346,0.1201370892306748,0.7220939818631492,0.2524726649518018,0.1239041496201052,0.491515930076199,0.5940719779422435,0.0979955456570156
autumn,small_,high__,0.4756097560975609,0.8362068965517242,0.0114445483773685,0.1088211046990931,0.0105196943729917,0.0075978959672706,0.1743612729717615,0.0081628210709621,0.7783964365256125
spring,small_,high__,0.5121951219512195,0.7241379310344828,0.0198784495933837,0.1258862324814509,0.0178791646620355,0.0274693161893629,0.0354101299865531,0.0054418807139747,0.1848552338530067
summer,large_,medium,0.7073170731707317,0.5258620689655173,0.0312361032309508,0.2131904369332234,0.0989034691373368,0.0423401519579193,0.1083711340206185,0.0541195037004788,0.210467706013363
spring,medium,medium,0.5853658536585367,0.6379310344827587,0.0991060064711023,0.4006595218466612,0.1240784464506718,0.4348334307422559,0.3800986104885701,0.0163256421419242,0.1146993318485523
autumn,medium,high__,0.658536585365854,0.8017241379310346,0.1054953255741442,0.3845836768342951,1.0,0.0888369374634716,0.2208874943971313,0.1170004353504571,0.2639198218262806
autumn,medium,medium,0.6097560975609757,0.6896551724137933,0.0748265938795434,0.1061005770816158,0.2365970974641915,0.0564979544126241,0.1816817570596145,0.0308373240458569,0.72271714922049
autumn,medium,low___,0.658536585365854,0.6034482758620691,0.1649619963299751,0.5170651277823578,0.3799681131339938,0.5096434833430742,0.5405647691618108,0.0731660861993905,0.0389755011135857
winter,small_,high__,0.658536585365854,0.5086206896551725,0.1272190105244864,0.7042868920032975,0.0766049538956321,0.6169491291642314,0.6160466337965038,0.2022565665360615,0.0
winter,small_,high__,0.5317073170731708,0.8793103448275863,0.017322721952167,0.1170651277823577,0.0316486353890222,0.0413021624780829,0.0878529807261317,0.0081628210709621,0.5144766146993319
spring,small_,medium,0.2195121951219512,0.7413793103448277,0.0070998113873,0.4921681780708986,0.0053947150630726,0.0023378141437755,0.0233079336620349,0.0054418807139747,0.7449888641425391
winter,large_,medium,0.7073170731707317,0.7500000000000001,0.0064608794769958,0.0624896949711459,0.0059341865693799,0.0070134424313267,0.0119300761990138,0.03446524452184,0.6325167037861915
spring,large_,medium,0.7073170731707317,0.5775862068965518,0.0097194322195472,0.0680131904369332,0.0201071819830845,0.0107142022209234,0.0539506947557149,0.0199535626179074,0.4298440979955457
spring,medium,high__,0.853658536585366,0.6551724137931035,0.090799891637148,0.4257213520197856,0.0296709328468997,0.1975452951490356,0.3845809054235768,0.1647982876215353,0.0244988864142539
summer,medium,medium,0.658536585365854,0.706896551724138,0.0764239236553039,0.3071723000824402,0.1051969437299174,0.1750438340151957,0.316674137158225,0.4537168045276448,0.0167037861915367
summer,small_,high__,0.6341463414634145,0.7413793103448277,0.0085744662362821,0.0649629018961253,0.0060237388394269,0.0015593220338983,0.0019506947557149,0.0054418807139747,0.3407572383073496
winter,medium,medium,0.5853658536585367,0.353448275862069,0.0694595658329883,0.060593569661995,0.1387909133706837,0.0818234950321449,0.1877669206633796,0.0253954433318821,0.1681514476614699
winter,small_,high__,0.658536585365854,0.7844827586206897,0.0024228298038734,0.060593569661995,0.0091710156072235,0.0014611338398597,0.0035858359480053,0.0,0.734966592427617
autumn,small_,high__,0.2902439024390244,0.6551724137931035,0.0286190381263449,0.1620774938169827,0.0399208914667379,0.0046756282875511,0.0251008516360376,0.0036279204759831,0.2405345211581291
summer,large_,high__,0.6097560975609757,0.7241379310344828,0.0188893829962328,0.0576257213520197,0.0296709328468997,0.0599064874342489,0.0930076199013895,0.0163256421419242,0.2015590200445434
autumn,medium,medium,0.6829268292682931,0.7758620689655173,0.1203287688037661,0.6408079142621599,0.2739533413899446,0.3368579777907656,0.3981066965486328,0.1193585836598461,0.0111358574610244
winter,small_,high__,0.5024390243902439,0.7758620689655173,0.0096555390285168,0.0821929101401483,0.0107894301261453,0.0011689070718877,0.011354549529359,0.0072558409519663,0.1993318485523385
autumn,medium,medium,0.6097560975609757,0.853448275862069,0.0905698761494384,0.4229183841714756,0.0447761350235033,0.1122150789012273,0.1568803227252353,0.0208605427369032,0.0167037861915367
autumn,medium,medium,0.853658536585366,0.5344827586206897,0.258072265754783,0.3549876339653751,0.289965934640157,0.3550555230859146,0.5187144598834603,0.0952329124945581,0.0
winter,medium,low___,0.853658536585366,0.3103448275862069,0.1554598009599312,0.025391591096455,0.1084941935764674,0.2413138515488018,0.42671447781264,0.6555470904077781,0.0400890868596882
winter,medium,high__,0.3902439024390245,0.7155172413793104,0.125941146703878,0.3260511129431162,0.0539471506307268,0.0397428404441846,0.2456297624383684,0.4426062980699463,0.0267260579064587
winter,small_,medium,0.5804878048780489,0.6034482758620691,0.1510716165999621,0.6093981863149217,0.3039026307446689,0.0755885447106955,0.2456297624383684,0.0625816282107096,0.0133630289532293
spring,medium,high__,0.5365853658536586,0.5603448275862071,0.1310526019863115,0.172959604286892,0.0271893639178863,0.0551724137931034,0.3288211385029135,0.2820708170076912,0.0211581291759465
spring,medium,high__,0.4390243902439026,0.6206896551724139,0.0345738835303799,0.4342951360263808,0.0579931869280314,0.1291642314436002,0.1129538323621694,0.0208605427369032,0.032293986636971
summer,medium,high__,0.4634146341463414,0.7758620689655173,0.0259022996437315,0.2761747732893652,0.1323507025283875,0.0490940970192869,0.0597418198117436,0.0090698011899579,0.086859688195991
spring,medium,medium,0.5609756097560976,0.3620689655172414,0.3261389600233082,0.2209398186314921,0.18521892093593,0.0619520748100526,0.1350658897355446,0.01723262226092,0.0378619153674833
autumn,small_,high__,0.6829268292682931,0.7500000000000001,0.1287524471092164,0.8651277823577905,0.3549722511501829,0.4864991466978374,0.4942483012102196,0.1861123204179364,0.0256124721603563
summer,large_,low___,0.7804878048780493,0.6034482758620691,0.1093289170359693,0.010717230008244,0.1060957032594253,0.4200280771478667,0.4816978753922008,0.8386573066318386,0.0801781737193764
autumn,small_,medium,0.7073170731707317,0.5172413793103449,0.1808892909900377,0.9084913437757626,0.5340767912441963,0.2805376972530683,0.0089645898700134,0.0625816282107096,0.0634743875278396
summer,medium,medium,0.6097560975609757,0.3793103448275863,0.1300635353891606,0.4203627370156637,0.1834203121444714,0.3074225599064873,0.3516683281039892,0.056232767377739,0.0155902004454342
spring,small_,high__,0.658536585365854,0.6034482758620691,0.1378073901420473,0.6455070074196207,0.0500942451326803,0.6448860549386324,0.5842348543254147,0.1055724858511101,0.0456570155902004
spring,medium,high__,0.6829268292682931,0.810344827586207,0.0007104922842582,0.0263808738664468,0.0053947150630726,0.0481589713617767,0.0476916181084715,0.0036279204759831,0.4131403118040089
summer,medium,high__,0.6146341463414633,0.7241379310344828,0.0188893829962328,0.0576257213520197,0.0308146124402712,0.0632004675628287,0.0872398027790228,0.0181396023799158,0.2015590200445434
autumn,large_,low___,0.7146341463414634,0.8017241379310346,0.1611897423315392,0.1422918384171475,0.2401727253974262,0.1947399181765049,0.2607835051546391,0.1906472210129154,0.0155902004454342
summer,medium,medium,0.6097560975609757,0.6206896551724139,0.1232039624001349,0.5474031327287716,0.133326067011791,0.4208065458796025,0.3967476467951591,0.0564957916122478,0.0367483296213808
autumn,medium,high__,0.7560975609756098,0.7758620689655173,0.0022899319665301,0.0440230832646331,0.0230505385214969,0.0323039158386908,0.0356790676826535,0.0108837614279495,0.4532293986636971
spring,medium,medium,0.8292682926829269,0.4396551724137931,0.0718440597222435,0.2435284418796372,0.077324608885046,0.2368977206312098,0.4954424204392649,1.0,0.0
summer,large_,medium,0.5853658536585367,0.6293103448275863,0.0387269409473571,0.1746084089035449,0.0418090417388133,0.1119228521332554,0.1532944867772299,0.0718781744304164,0.0
autumn,large_,medium,0.6829268292682931,0.8301724137931035,0.0121243719299321,0.0798845836768342,0.0206196799140764,0.0116890707188778,0.0307790228597041,0.0175319257001886,0.3864142538975501
spring,large_,medium,0.7073170731707317,0.5,0.0320897162631172,0.1544105523495465,0.0137867338151885,0.1166312098188194,0.2259076647243388,0.220904077782615,0.0
summer,small_,high__,0.5365853658536586,0.7758620689655173,0.0366644687408952,0.1012366034624897,0.0606905444595677,0.0783167738164815,0.109367996414164,0.0081628210709621,0.3942093541202672
autumn,large_,low___,0.6000000000000001,0.5603448275862071,0.0988555451622631,0.3032151690024732,0.6713971160781165,0.4784009351256574,0.3924858807709547,0.0545004353504571,0.0
autumn,small_,high__,0.6341463414634145,0.8189655172413794,0.0147669943109502,0.1286067600989282,0.0053947150630726,0.0023378141437755,0.0071716718960107,0.0054418807139747,0.9242761692650334
autumn,small_,medium,0.6097560975609757,0.8275862068965518,0.1017128486651434,0.4394064303380049,0.3686392115015411,0.2914482758620689,0.3335849574181981,0.1396749383253519,0.0367483296213808
summer,medium,high__,0.7317073170731707,0.7672413793103449,0.0301013601582506,0.1839241549876339,0.0418090417388133,0.1440677966101695,0.1588973554459883,0.0176861123204179,0.0367483296213808
summer,small_,high__,0.402439024390244,0.6672413793103449,0.0070998113873,0.0529266281945589,0.086315441009163,0.0317942723553477,0.0330793366203496,0.002358148309389,0.1726057906458797
spring,small_,high__,0.658536585365854,0.9396551724137931,0.0684372747765016,0.3330585325638912,0.0053947150630726,0.8462887200467563,0.8623935454952936,0.0526048469017559,0.0
spring,medium,high__,0.658536585365854,0.5086206896551725,0.025189251631832,0.0999175597691673,0.1060957032594253,0.11143658679135,0.146022411474675,0.0163256421419242,0.0456570155902004
summer,medium,low___,0.7073170731707317,0.770689655172414,0.1432996488430221,0.0572135201978565,0.2803093838878268,0.0991233196960841,0.2222178395338413,0.2746335800319257,0.1525612472160356
summer,large_,low___,0.5731707317073171,0.4655172413793104,0.1458400421183915,0.3088211046990931,0.4539264198196825,0.6783004324956166,0.5898700134468848,0.04094108257147,0.0
summer,medium,low___,0.6097560975609757,0.3793103448275863,0.0991060064711023,0.0554822753503709,0.1163715565115662,0.1379310344827586,0.1741694307485432,0.0163256421419242,0.3129175946547884
winter,medium,high__,0.4390243902439026,0.6120689655172414,0.0339349516200757,0.4486397361912613,0.1276745635117161,0.0623424897720631,0.184670551322277,0.1886518647511246,0.1403118040089087
winter,small_,high__,0.6097560975609757,0.7327586206896554,0.0658815471352848,0.3116240725474031,0.0593418656937995,0.5727644652250146,0.5432541461228149,0.0235814830938905,0.076837416481069
spring,medium,high__,0.5365853658536586,0.7500000000000001,0.178333563348821,0.201401483924155,0.1007009881963526,0.3358667679719462,0.4356790676826535,0.0798142504716296,0.0
summer,medium,high__,0.6097560975609757,0.6551724137931035,0.0275456325170339,0.1855729596042868,0.047203756801886,0.0382817066043249,0.1181084715374271,0.0208605427369032,0.3195991091314031
autumn,medium,medium,0.658536585365854,0.8448275862068966,0.0143325206119434,0.057790601813685,0.0083369926584725,0.0059497369959088,0.0218735992828328,0.0272094035698737,0.9643652561247216
summer,small_,medium,0.5731707317073171,0.3362068965517242,0.1459601613175287,0.2028029678483099,0.2895160261933269,0.6888766569257744,0.6795159121470192,0.0054418807139747,0.0133630289532293
autumn,large_,medium,0.7268292682926829,0.8017241379310346,0.0603228395156384,0.2981863149216818,0.0729365476527427,0.1171502045587375,0.1615616315553563,0.2058844870120447,0.042316258351893
spring,medium,low___,0.4878048780487805,0.3879310344827587,0.2072976247067302,0.8009068425391591,0.2067977811882207,0.1784523670368205,0.2632595069475571,0.0253954433318821,0.0489977728285078
autumn,small_,medium,0.5365853658536586,0.6293103448275863,0.091755733774963,0.4924979389942291,0.1769466540687842,0.0282665108123904,0.1256064545047064,0.0281163836888695,0.0445434298440979
spring,medium,low___,0.5121951219512195,0.2586206896551724,0.2266598173165882,0.1413025556471558,0.716516344190201,0.0869246054938632,0.3660815956969968,0.0235814830938905,0.1080178173719376
winter,large_,medium,0.7317073170731707,0.7413793103448277,0.0382336855126022,0.2062654575432811,0.1466380659014292,0.072259497369959,0.1375168086060063,0.1371172543897837,0.0534521158129175
winter,medium,medium,0.6097560975609757,0.5431034482758621,0.3470115876691252,0.3110469909315746,0.258946323027489,0.3173582700175336,0.4450918870461676,0.1874727905964301,0.0211581291759465
autumn,small_,high__,0.4878048780487805,0.7500000000000001,0.0072275977693609,0.0826051112943116,0.0089908321241169,0.0015593220338983,0.0176297624383684,0.0054418807139747,0.4621380846325167
autumn,medium,low___,0.7073170731707317,0.7500000000000001,0.1443858330905391,0.0272052761747732,0.2273483979600597,0.0514319111630625,0.2465262214253698,0.1871009287476418,0.0634743875278396
winter,large_,medium,0.7073170731707317,0.8275862068965518,0.0070998113873,0.0638087386644682,0.0063754742615393,0.0063752191700759,0.012713581353653,0.0308373240458569,0.3997772828507795
autumn,large_,high__,0.7560975609756098,0.7672413793103449,0.0110484105929799,0.0775762572135202,0.0299158529107632,0.0350672121566335,0.0363962348722546,0.0081628210709621,0.4420935412026726
winter,small_,high__,0.5219512195121951,0.6724137931034483,0.0122112666697335,0.1008244023083264,0.0240453239791275,0.0257159555815312,0.028686687584043,0.370047888550283,0.4844097995545657
winter,small_,medium,0.5853658536585367,0.3189655172413793,0.1962236568373381,0.502555647155812,0.1271534340366233,0.333629479836353,0.5289108023307934,0.0317443041648527,0.0
autumn,small_,high__,0.4390243902439026,0.9224137931034484,0.0326570877994673,0.2745259686727123,0.0593418656937995,0.1659848042080654,0.2528014343343792,0.0426280655928022,0.0378619153674833
summer,large_,low___,0.6829268292682931,0.5517241379310345,0.0588532961219388,0.2312448474855729,0.0418090417388133,0.1171829339567504,0.1544150605109816,0.1321923523436366,0.0
spring,large_,low___,0.7317073170731707,0.1551724137931034,0.1272190105244864,0.030997526793075,0.1391836486272754,0.1241379310344827,0.2237561631555356,0.2412567116528806,0.0
winter,medium,medium,0.6341463414634145,0.7413793103448277,0.1042174617535358,0.4253915910964551,0.4369719201088878,0.086499123319696,0.1075750784401613,0.0526048469017559,0.05456570155902
autumn,medium,high__,0.5609756097560976,0.7500000000000001,0.025518940497549,0.1899422918384171,0.1372954983551999,0.0224032729398012,0.0403137606454504,0.0163256421419242,0.4732739420935412
spring,medium,low___,0.626829268292683,0.3879310344827587,0.0947612694810339,0.0434460016488046,0.0830786119713194,0.1426066627703097,0.236844482294935,0.0108837614279495,0.0657015590200445
autumn,small_,medium,0.024390243902439,0.7758620689655173,0.0070998113873,0.2102225886232481,0.0053947150630726,0.0,0.005378753922008,0.0054418807139747,0.1870824053452116
winter,medium,low___,0.7560975609756098,0.4827586206896552,0.1215401837057028,0.1909315746084089,0.0357248820906799,0.0553290473407364,0.3599784849843119,0.0253954433318821,0.1369710467706013
spring,medium,medium,0.4634146341463414,0.6120689655172414,0.1420422308435434,0.363396537510305,0.4143141168439825,0.295499707773232,0.3679067682653518,0.043535045711798,0.0
autumn,large_,medium,0.6829268292682931,0.5689655172413794,0.0438383962297905,0.3159934047815333,0.0849667622433948,0.1230274693161893,0.1411922904527117,0.01939123494413,0.1414253897550111
winter,medium,medium,0.5853658536585367,0.2586206896551724,0.1496250747550335,0.025391591096455,0.0957561923695402,0.075686732904734,0.1969968623935455,0.0226745029748947,0.0846325167037861
autumn,small_,high__,0.5853658536585367,0.8879310344827587,0.1688773710763191,0.3738664468260511,0.0366840624288942,0.0350672121566335,0.0681308830121022,0.0054418807139747,0.6057906458797327
summer,medium,high__,0.5365853658536586,0.5517241379310345,0.2191792025107468,0.5111294311624073,0.4495599374476315,0.0709129164231443,0.3777086687584043,0.1968146858220867,0.0657015590200445
spring,medium,low___,0.5609756097560976,0.4655172413793104,0.1406365806408742,0.1842539159109645,0.0910358166893516,0.0385739333722969,0.2519049753473778,0.152372659991293,0.0968819599109131
winter,medium,high__,0.7000000000000004,0.6206896551724139,0.1174229064757026,0.1732893652102225,0.0859561529859623,0.1098772647574517,0.2065441506051098,0.0643955884487012,0.1358574610244989
winter,small_,high__,0.5853658536585367,0.6896551724137933,0.0403242707231175,0.0601813685078318,0.016184145189218,0.0584453535943892,0.0788883908561183,0.0054418807139747,0.1904231625835189
summer,large_,medium,0.6829268292682931,0.706896551724138,0.0084032324843206,0.0713932399010717,0.0265959452609483,0.0112215078901227,0.0251008516360376,0.024125671165288,0.1926503340757238
autumn,medium,medium,0.5365853658536586,0.7525862068965518,0.2571266465275328,0.4460016488046167,0.5195110605739001,0.0537697253068381,0.1028668758404303,0.2476055724858511,0.0311804008908685
spring,medium,medium,0.6341463414634145,0.5172413793103449,0.0955918809644293,0.1197856553998351,0.1086646665724605,0.1536271186440677,0.2553115015688032,0.021767522855899,0.0
winter,small_,medium,0.5853658536585367,0.6896551724137933,0.1548208690496271,0.5142621599340479,0.6182343462281302,0.2431326709526592,0.3030031376064545,0.4516760992599042,0.0
winter,large_,high__,0.7073170731707317,0.7155172413793104,0.0070998113873,0.070156636438582,0.0353655940674793,0.0228591466978375,0.0410380995069475,0.0027209403569873,0.4175946547884187
spring,large_,high__,0.6341463414634145,0.6982758620689656,0.0157892853674369,0.0455894476504534,0.0177259547542442,0.0257159555815312,0.1349816225907665,0.0099767813089537,0.1781737193763919
winter,medium,high__,0.7560975609756098,0.6896551724137933,0.0144833085427752,0.1264633140972794,0.0497511412546689,0.0202618351841028,0.0292837292693859,0.0072558409519663,0.7160356347438752
autumn,small_,high__,0.5414634146341464,0.8362068965517242,0.0203384805688027,0.1226710634789777,0.0366840624288942,0.0350672121566335,0.2483191393993724,0.0018139602379915,0.0
winter,large_,low___,0.7560975609756098,0.3103448275862069,0.1221075552420529,0.0938994229183841,0.1502816564550285,0.0834926943308007,0.118033168982519,0.1978758525613118,0.0133630289532293
spring,medium,medium,0.5365853658536586,0.3620689655172414,0.1359723776956537,0.0314097279472382,0.1225366368856456,0.0861648158971361,0.1821084715374271,0.0090698011899579,0.0412026726057906
autumn,large_,low___,0.7195121951219516,0.7931034482758621,0.0564764694156073,0.2588623248145095,0.0831865062725808,0.104967855055523,0.1801075750784401,0.164435495573937,0.0189309576837416
winter,medium,high__,0.6902439024390243,0.3620689655172414,0.1020885406284023,0.2201154163231657,0.7754007272572221,0.1398784336645236,0.252501999103541,0.2249310695109563,0.0
summer,small_,medium,0.6219512195121952,0.456896551724138,0.1379275093411845,0.3156636438582028,0.6932964224051538,0.1365961426066627,0.3120502196324518,0.1179074154694529,0.0
spring,small_,high__,0.3756097560975608,0.6896551724137933,0.0078026364886346,0.0760923330585325,0.0107894301261453,0.0005844535359438,0.0174809502465262,0.0208605427369032,0.1146993318485523
autumn,large_,high__,0.4390243902439026,0.7655172413793104,0.0565531412448438,0.4463314097279472,0.2585147566118734,0.1528930450029222,0.3052837292693859,0.0326512842838484,0.0122494432071269
winter,small_,high__,0.5609756097560976,0.7931034482758621,0.0151938008270334,0.0966199505358614,0.0143855471871896,0.015780245470485,0.019363514119229,0.0027209403569873,0.9120267260579064
summer,medium,medium,0.5853658536585367,0.5775862068965518,0.3354315601694958,0.2847485572959604,0.8491281509276413,0.1451782583284628,0.5120573913043478,0.0725584095196633,0.0233853006681514
winter,medium,high__,0.6341463414634145,0.8706896551724139,0.0307402920685548,0.1935696619950535,0.1261014645993241,0.0303915838690824,0.0475123263110712,0.0399071252358148,0.0233853006681514
summer,small_,high__,0.4512195121951221,0.853448275862069,0.0216419016658232,0.1309150865622423,0.0144891257164006,0.0225996493278784,0.0322725235320484,0.0036279204759831,0.3574610244988864
winter,large_,low___,0.6902439024390243,0.7758620689655173,0.0905238730518966,0.5131904369332234,0.1391836486272754,0.2396259497369958,0.0089645898700134,0.4097282687563489,0.0122494432071269
autumn,small_,medium,0.6097560975609757,0.3965517241379311,0.0536140544574445,0.2656224237427865,0.0420787774919669,0.1257744009351256,0.2761093679964141,0.5561602089682194,0.2160356347438752
summer,large_,medium,0.6219512195121952,0.7413793103448277,0.4839142502261819,0.4131079967023908,0.1704125751843905,0.3150859146697837,0.391354549529359,0.024116601364098,0.0
spring,small_,high__,0.3902439024390245,0.8189655172413794,0.0224341772346004,0.0189612530915086,0.1240784464506718,0.0257159555815312,0.0322725235320484,0.0027209403569873,0.3775055679287304
autumn,medium,high__,0.7073170731707317,0.4913793103448276,0.0232008955269654,0.1283594394064303,0.2751304682167071,0.0201052016364699,0.0306588973554459,0.0335582644028442,0.1614699331848552
autumn,small_,medium,0.6000000000000001,0.6206896551724139,0.1408921534049959,0.8586974443528442,0.2467542669849448,0.1337744009351256,0.1731600179291797,0.0934189522565665,0.1024498886414253
spring,medium,medium,0.5609756097560976,0.5603448275862071,1.0,0.498351195383347,0.4046036297304516,0.402104032729398,0.5665620797848498,0.0480699463067769,0.0267260579064587
spring,small_,high__,0.5853658536585367,0.7758620689655173,0.0031384335434141,0.0667765869744435,0.0053947150630726,0.0035067212156633,0.0035858359480053,0.0009069801189957,0.844097995545657
summer,medium,high__,0.6341463414634145,0.6379310344827587,0.0761990196228768,0.4273701566364385,0.1832045235419485,0.2001168907071887,0.2327207530255491,0.0294768538673632,0.0267260579064587
spring,large_,medium,0.7317073170731707,0.7155172413793104,0.0048277695142584,0.0546578730420445,0.0065934207500874,0.0051946230274693,0.0107575078440161,0.0099767813089537,0.5378619153674833
autumn,medium,high__,0.8048780487804879,0.5344827586206897,0.153287432464897,0.3324814509480627,0.3252700397453474,0.3156049094097019,0.4337803496190049,0.165070381657234,0.0
summer,medium,medium,0.5853658536585367,0.6034482758620691,0.4498796252280986,0.0509480626545754,0.4693402104873239,0.0356516656925774,0.1402958314657104,0.0299303439268611,0.0890868596881959
autumn,medium,high__,0.7975609756097561,0.7931034482758621,0.1046340453590541,0.1873866446826051,0.0536774148775732,0.0888369374634716,0.1285450470640968,0.2040705267740531,0.0
summer,small_,high__,0.3414634146341464,0.8879310344827587,0.0074473903465055,0.0995877988458367,0.0120841617412828,0.0018702513150204,0.002689376961004,0.0027209403569873,0.7149220489977729
winter,small_,high__,0.2926829268292683,0.6293103448275863,0.0070998113873,0.0643033800494641,0.0053947150630726,0.0,0.0233079336620349,0.0054418807139747,0.3129175946547884
autumn,medium,high__,0.658536585365854,0.6982758620689656,0.1022393285592341,0.1308326463314097,0.2481568929013437,0.0766803039158386,0.1330470640968175,0.2140473080830068,0.3652561247216035
winter,medium,medium,0.5609756097560976,0.810344827586207,0.1269634377603647,0.8056883759274526,0.5394715063072689,0.1554646405610754,0.2559390407888839,0.047616456247279,0.0233853006681514
spring,large_,medium,0.7341463414634146,0.7155172413793104,0.0084236783054503,0.0546578730420445,0.0077899685510769,0.0051946230274693,0.0107575078440161,0.0099767813089537,0.5378619153674833
winter,small_,medium,0.7560975609756098,0.1379310344827586,0.0555308501883571,0.0730420445177246,0.105466679483071,0.0825248392752776,0.1255042581801882,0.0484690175591351,0.2828507795100222
spring,medium,medium,0.5853658536585367,0.1293103448275862,0.0678239001426096,0.0542456718878812,0.172630882018326,0.0850379894798363,0.1978933213805468,0.0253954433318821,0.1603563474387528
spring,large_,low___,0.5804878048780489,0.3275862068965517,0.1197051712593092,0.2545754328112118,0.3797879404403173,0.7256574868497955,0.6119228865979381,0.1662494558119286,0.0267260579064587
summer,medium,medium,0.5670731707317074,0.7241379310344828,0.0864219301877437,0.7485572959604286,0.1122100733119119,0.1262419637638807,0.1033133124159569,0.1033957335655202,0.0489977728285078
autumn,small_,medium,0.4121951219512196,0.8112068965517243,0.0447967940952468,0.2530915086562242,0.0323682903784361,0.0280537697253068,0.0355212909009412,0.1079306341604992,0.2761692650334075
winter,small_,high__,0.5609756097560976,0.6724137931034483,0.0070998113873,0.1193734542456718,0.0444524521197189,0.0280537697253068,0.1086508292245629,0.0009069801189957,0.5812917594654788
spring,large_,medium,0.7073170731707317,0.4741379310344827,0.1820240340627379,0.2070898598516075,0.0665351787589007,0.1481917007597895,0.2452317346481398,0.0832970541285735,0.0
spring,small_,high__,0.658536585365854,0.9224137931034484,0.2217809332495054,0.4014839241549876,0.0188815027207544,0.0607831677381648,0.0761990138951143,0.0281163836888695,0.3285077951002227
spring,large_,medium,0.5951219512195121,0.6465517241379312,0.3323493781914649,0.3112943116240725,0.1359554511335327,0.2255990648743424,0.2724625728372927,0.0539653170802496,0.0
autumn,medium,medium,0.5853658536585367,0.8706896551724139,0.33338955934144,0.539159109645507,0.2060781154093767,0.1729982466393921,0.1488121918422232,0.039000145116819,0.086859688195991
spring,large_,low___,0.7560975609756098,0.4310344827586208,0.0425963125961592,0.1763396537510304,0.0269735753153634,0.0844208065458795,0.1514011653966831,0.2070907705703091,0.0244988864142539
summer,small_,medium,0.2439024390243902,0.6034482758620691,0.0070998113873,0.078318219291014,0.016184145189218,0.0,0.0107575078440161,0.0054418807139747,0.8329621380846325
winter,large_,low___,0.7219512195121955,0.5948275862068966,0.1118079728479495,0.3341302555647156,0.6883656420480752,0.5164231209818819,0.4404607978484984,0.1315121172543898,0.1391982182628062
summer,small_,high__,0.5292682926829269,0.7672413793103449,0.0314712301739428,0.3277823577906018,0.0577234511748777,0.0187025131502045,0.07733930972658,0.0253954433318821,0.0456570155902004
winter,large_,low___,0.7317073170731707,0.4051724137931035,0.1093289170359693,0.0550700741962077,0.0971048711353084,0.0222092343658679,0.1320788883908561,0.574118415324336,0.3351893095768374
winter,medium,medium,0.6341463414634145,0.6551724137931035,0.1151380859644549,0.5931574608408904,0.3673315325702523,0.3343074225599064,0.5127745405647691,0.0878138151211725,0.0155902004454342
summer,medium,medium,0.6097560975609757,0.7672413793103449,0.2407060964327153,0.3873042044517725,0.1596835658669516,0.4459380479251899,0.4737785746302106,0.0643955884487012,0.0
autumn,medium,medium,0.4878048780487805,0.6379310344827587,0.1649875536063872,0.508161582852432,0.7714442540193946,0.0485751022793687,0.4329896907216495,0.4897692642577275,0.1247216035634743
autumn,small_,low___,0.1292682926829269,0.8129310344827587,0.0221019326412422,0.0511129431162407,0.0334472333910506,0.0046756282875511,0.0246364858807709,0.01723262226092,0.1325167037861915
summer,small_,high__,0.5365853658536586,0.6551724137931035,0.0140360562055622,0.0665292662819456,0.018496320065251,0.0116890707188778,0.0317597489914836,0.0117907415469452,0.4766146993318485
winter,small_,high__,0.6829268292682931,1.0000000000000002,0.1776946314385168,0.375515251442704,0.0350656479099724,0.0210403272939801,0.0711196772747646,0.0335582644028442,0.576837416481069
autumn,large_,high__,0.5853658536585367,0.7913793103448277,0.0242231865834521,0.0720527617477329,0.0676497268909315,0.0598480420806545,0.0897068579112505,0.0181396023799158,0.2973273942093541
autumn,medium,medium,0.8609756097560977,0.8793103448275863,0.0773720986101953,0.4098103874690849,0.1020680089933352,0.1486849795441262,0.2604482294935006,0.4891343781744304,0.0111358574610244
summer,large_,medium,0.6390243902439028,0.6637931034482759,0.0053108020384483,0.0553998351195383,0.0052544524714327,0.0070134424313267,0.0091851187808157,0.0054418807139747,0.5612472160356348
summer,small_,medium,0.7170731707317073,0.9508620689655174,0.057051508134881,0.3297609233305853,0.178565068587706,0.1566335476329631,0.2063092783505155,0.3754897692642577,0.2138084632516703
summer,large_,high__,0.6829268292682931,0.7318965517241379,0.0130444338807701,0.0821104699093157,0.0527020503941697,0.0155862068965517,0.0239426266248319,0.0054418807139747,0.5835189309576837
spring,small_,medium,0.4878048780487805,0.6724137931034483,0.0377685430819008,0.2489694971145919,0.0377630054415088,0.0607831677381648,0.2151501568803227,0.0235814830938905,1.0
winter,small_,high__,0.2439024390243902,0.8620689655172415,0.0070998113873,0.1821929101401483,0.0053947150630726,0.0,0.005378753922008,0.0054418807139747,0.8808463251670378
autumn,small_,high__,0.5634146341463415,0.810344827586207,0.0122112666697335,0.1140148392415498,0.0010789430126145,0.0545482174167153,0.0519946212460779,0.2884196778406617,0.3307349665924276
autumn,medium,medium,0.6097560975609757,0.6293103448275863,0.1202342068810411,0.7722176422093983,0.1770448378829321,0.1729982466393921,0.2273025549081129,0.031445000725584,0.0211581291759465
winter,medium,high__,0.9999999999999998,0.7758620689655173,0.0,0.0334707337180544,0.0053947150630726,0.0501320864991233,0.0163352756611385,0.0054418807139747,0.4565701559020044
summer,small_,high__,0.2439024390243902,0.7758620689655173,0.0070998113873,0.2176422093981863,0.0053947150630726,0.0023378141437755,0.0179291797400268,0.0054418807139747,0.5222717149220489
spring,small_,medium,0.6707317073170731,0.5344827586206897,0.147025899743916,0.1061830173124484,0.3938141996043063,1.0,1.0000000000000002,0.0099767813089537,0.0155902004454342
winter,small_,high__,0.2439024390243902,0.7758620689655173,0.0070998113873,0.2675185490519373,0.0053947150630726,0.0,0.0098610488570147,0.0054418807139747,0.2706013363028953
spring,medium,medium,0.7560975609756098,0.6551724137931035,0.4434903061250568,0.2735366859027205,0.1038482649641492,0.6236119228521333,0.7005826983415508,0.0299303439268611,0.0
summer,small_,high__,0.7073170731707317,0.8362068965517242,0.1458553764842388,0.8677658697444353,0.3318828814696619,0.608766779661017,0.5350067055132228,0.2113263677260194,0.0
spring,small_,medium,0.6097560975609757,0.7500000000000001,0.0563895746758059,0.3356141797197032,0.1872721494889354,0.4241262419637638,0.4559031824294038,0.0794242490204614,0.0244988864142539
spring,medium,high__,0.648780487804878,0.2758620689655172,0.1139752298877013,0.0433635614179719,0.0995573086029812,0.2441963763880771,0.3238655311519497,0.1850239442751415,0.0
spring,medium,medium,0.5365853658536586,0.4051724137931035,0.2092859808115968,0.2145919208573784,0.2271779249640666,0.0277942723553477,0.2745405647691618,0.0453490059497895,0.0779510022271715
spring,small_,high__,0.2439024390243902,0.6637931034482759,0.0070998113873,0.1088211046990931,0.016184145189218,0.0,0.0089645898700134,0.0054418807139747,0.5211581291759465
summer,medium,high__,0.6121951219512194,0.4137931034482759,0.1268535414717924,0.0818631492168178,0.2042223334276797,0.1776738749269433,0.3524356790676826,0.1160934552314613,0.0467706013363029
spring,medium,high__,0.6000000000000001,0.0344827586206896,0.0991060064711023,0.1718878812860676,0.8287631015645419,0.2098188194038573,0.2909009412819363,0.2340008707009142,0.0300668151447661
summer,small_,high__,0.5170731707317073,0.8620689655172415,0.0155337126033152,0.1211871393239901,0.0032368290378436,0.0350672121566335,0.0251008516360376,0.0027209403569873,0.3463251670378619
winter,medium,high__,0.5609756097560976,0.3879310344827587,0.2597973819126043,0.3279472382522671,0.1604927731264125,0.1186440677966101,0.3673240699238009,0.0163256421419242,0.0445434298440979
autumn,large_,low___,0.7560975609756098,0.896551724137931,0.0818037303400651,0.1555647155812036,0.2465384783824219,0.0385739333722969,0.1168390856118332,0.3549285299666231,0.131403118040089
winter,large_,high__,0.5853658536585367,0.7844827586206897,0.0225747422548673,0.0680131904369332,0.0377630054415088,0.0469503214494447,0.0987736441057821,0.0054418807139747,0.1870824053452116
winter,large_,high__,0.6097560975609757,0.7844827586206897,0.0225772979825085,0.0680131904369332,0.0388419484541233,0.0444184687317358,0.1021963245181533,0.0054418807139747,0.1870824053452116
winter,medium,high__,0.6390243902439028,0.5431034482758621,0.10485639366384,0.1166529266281945,0.1807229546129351,0.1067609585037989,0.219333034513671,0.273907995936729,0.4420935412026726
summer,small_,high__,0.3219512195121952,0.8017241379310346,0.0226897499987221,0.0519373454245671,0.0172630882018326,0.0093512565751022,0.0089645898700134,0.0204977506893048,0.3374164810690423
autumn,medium,medium,0.6341463414634145,0.7413793103448277,0.1612101881526689,0.0320692497938994,0.228890218314516,0.0545482174167153,0.2025997310623039,0.0226745029748947,0.220489977728285
autumn,small_,medium,0.2439024390243902,0.8189655172413794,0.0070998113873,0.3437757625721352,0.0053947150630726,0.0,0.0089645898700134,0.0054418807139747,0.5244988864142539
spring,small_,medium,0.0,0.8620689655172415,0.0070998113873,0.1830173124484748,0.0,0.0,0.0,0.0054418807139747,0.920935412026726
winter,large_,medium,0.6829268292682931,0.7500000000000001,0.030566502588952,0.1252267106347897,0.0652274998276118,0.0437802454704851,0.088668758404303,0.0721502684661152,0.032293986636971
spring,small_,high__,0.4170731707317072,0.6982758620689656,0.0147669943109502,0.1150041220115416,0.0579931869280314,0.0116890707188778,0.0268937696100403,0.0054418807139747,0.1269487750556792
summer,large_,low___,0.6097560975609757,0.5517241379310345,0.0672616400615419,0.2312448474855729,0.0407300987261988,0.1110461718293395,0.1562079784849843,0.12498186039762,0.0
spring,small_,medium,0.6097560975609757,0.9827586206896552,0.0479914536467677,0.0,0.1348678765768172,0.0116890707188778,0.0699238009861048,0.0163256421419242,0.0434298440979955
winter,large_,low___,0.7560975609756098,0.853448275862069,0.0568214926471715,0.3103874690849134,0.0897486376753024,0.0942139099941554,0.151322277005827,0.1568259323755623,0.0
spring,small_,high__,0.480487804878049,0.7758620689655173,0.0111250824222164,0.0991755976916735,0.0242762177838271,0.0023378141437755,0.0103092783505154,0.0072558409519663,0.2260579064587973
spring,small_,high__,0.5609756097560976,0.6206896551724139,0.0129089803157857,0.0750206100577081,0.0308966121092299,0.0187025131502045,0.019395786642761,0.0054418807139747,0.6013363028953229
spring,medium,high__,0.5365853658536586,0.3879310344827587,0.3487162835630932,0.3078318219291014,0.161241559577167,0.0807855055523085,0.3125647512326311,0.0226745029748947,0.032293986636971
autumn,medium,high__,0.4390243902439026,0.8275862068965518,0.0301805877151283,0.1336356141797197,0.1853624095671776,0.0825248392752776,0.1032702823845809,0.3256058627194892,0.0456570155902004
winter,small_,high__,0.4926829268292683,0.5775862068965518,0.0297614483819688,0.1413849958779884,0.2193847087945217,0.0046756282875511,0.0475123263110712,0.0136047017849368,0.8262806236080178
spring,large_,high__,0.6097560975609757,0.7672413793103449,0.0083776752079084,0.0835119538334707,0.008092072594609,0.0274693161893629,0.0179291797400268,0.0036279204759831,0.4153674832962137
summer,large_,high__,0.5365853658536586,0.7413793103448277,0.0569365003910263,0.3891178895300906,0.1874663484417759,0.2700175336060783,0.3585835948005378,0.0226745029748947,0.0
summer,small_,high__,0.5829268292682928,0.7672413793103449,0.0096555390285168,0.1127782357790601,0.1208416174128282,0.037989479836353,0.0784401613626176,0.0054418807139747,0.8273942093541202
summer,large_,medium,0.6341463414634145,0.6637931034482759,0.0451162600503989,0.1948062654575433,0.0633879019911041,0.1005260081823495,0.1362617660242044,0.0749437672326222,0.0167037861915367
autumn,medium,low___,0.6658536585365853,0.7586206896551725,0.091837517059482,0.0937345424567188,0.1234785541356581,0.2148194038573933,0.2005468399820708,0.0934189522565665,0.8329621380846325
winter,large_,high__,0.4146341463414633,0.6982758620689656,0.0403242707231175,0.3973619126133553,0.1042981842004095,0.0319509059029807,0.1506051098162259,0.0163256421419242,0.0
spring,medium,high__,0.5365853658536586,0.6637931034482759,0.0206451678857487,0.1376751854905193,0.0312893473658216,0.036937463471654,0.0613177947108919,0.0072558409519663,0.2115812917594654
spring,large_,low___,0.853658536585366,0.2155172413793103,0.2111925536319445,0.0708985985160758,0.1427150183181326,0.2369701928696668,0.4157776602420439,0.4912839210564504,0.0
summer,medium,high__,0.6243902439024391,0.8017241379310346,0.0813590337304934,0.4694146743610882,0.4929420888882669,0.1636469900642898,0.2358512057373375,0.1342330576113771,0.0400890868596882
spring,medium,low___,0.8048780487804879,0.2327586206896552,0.147025899743916,0.0220115416323165,0.1618414518921807,0.2252086499123319,0.4207387001344688,0.8944365839500797,0.0133630289532293
autumn,small_,high__,0.0731707317073171,0.8706896551724139,0.0070998113873,0.1549876339653751,0.0,0.0,0.0017929179740026,0.0054418807139747,0.8374164810690423
summer,medium,high__,0.4146341463414633,0.7500000000000001,0.0277705365494609,0.113272877164056,0.0942726457271952,0.1113383985973115,0.1178843567906768,0.0281163836888695,0.0133630289532293
autumn,large_,low___,0.6707317073170731,0.8017241379310346,0.0570898440494993,0.2588623248145095,0.0768207424981551,0.0935125657510227,0.1751053339309727,0.1565084893339138,0.0189309576837416
autumn,small_,high__,0.524390243902439,0.7327586206896554,0.0835671824125046,0.2425391591096455,0.0399208914667379,0.0350672121566335,0.0699238009861048,0.0671165288056885,0.2583518930957684
summer,small_,medium,0.6756097560975609,0.8879310344827587,0.0322737286532848,0.0692497938994229,0.0107894301261453,0.0093512565751022,0.0170452711788435,0.1233492961834276,0.3162583518930957
winter,medium,high__,0.4634146341463414,0.6379310344827587,0.0275456325170339,0.2728771640560594,0.1035785292109956,0.0598480420806545,0.1918422232182877,0.0099767813089537,0.0746102449888641
summer,medium,high__,0.7317073170731707,0.846551724137931,0.0033914505798946,0.0366859027205276,0.0224776197817986,0.0370146113383985,0.0310049305244285,0.0108837614279495,0.4866369710467706
winter,large_,low___,0.5121951219512195,0.6465517241379312,0.1681106527839541,0.2934872217642209,0.329077618847434,0.0841613091759205,0.0089645898700134,0.1555470904077782,0.1325167037861915
summer,medium,high__,0.7073170731707317,0.8620689655172415,0.0194644217155066,0.1427864798021434,0.2174480060868786,0.0179824663939216,0.0280806813088301,0.01723262226092,0.267260579064588
autumn,large_,medium,0.7560975609756098,0.8275862068965518,0.0391511917357991,0.1915086562242374,0.1057364152362247,0.0783167738164815,0.1444338861497086,0.0491583224495719,0.0846325167037861
winter,small_,medium,0.658536585365854,0.6120689655172414,0.0521445110637449,0.2814509480626546,0.2414134990725028,0.4573232028053769,0.4522635589421784,0.1099259904222899,0.0222717149220489
summer,large_,medium,0.658536585365854,0.706896551724138,0.0092977371587464,0.0713932399010717,0.0291314613405925,0.0116890707188778,0.0268937696100403,0.024125671165288,0.1926503340757238
summer,medium,medium,0.4390243902439026,0.7732758620689656,0.0920726440024739,0.3075020610057708,0.4576876367405171,0.1323202805376972,0.3012120304796055,0.0272094035698737,0.0311804008908685
summer,medium,low___,0.4634146341463414,0.6034482758620691,0.148510777503463,0.7162407254740314,0.8132532957582079,0.2419637638807714,0.5228597041685343,0.0253954433318821,0.0968819599109131
summer,medium,low___,0.5365853658536586,0.5258620689655173,0.2217809332495054,1.0,0.6986156006679133,0.2156633547632963,0.3729269385925594,0.0526048469017559,0.0155902004454342
autumn,small_,high__,0.2926829268292683,0.8017241379310346,0.0224341772346004,0.0519373454245671,0.016184145189218,0.0070134424313267,0.0089645898700134,0.0226745029748947,0.3374164810690423
winter,small_,high__,0.5682926829268293,0.6982758620689656,0.0198784495933837,0.1145919208573783,0.0008631544100916,0.0613676212741087,0.0817570596145226,0.0054418807139747,0.1893095768374164
autumn,medium,medium,0.7073170731707317,0.5431034482758621,0.0968697447850377,0.3173948887056884,0.2373674627751983,0.102863822326125,0.2713276378305692,0.0453490059497895,0.1258351893095768
winter,medium,high__,0.7804878048780493,0.5775862068965518,0.1357372507526617,0.4230832646331409,0.0989034691373368,0.2793687901811805,0.4156575347377857,0.2793498766507038,0.0133630289532293
spring,small_,medium,0.5121951219512195,0.4310344827586208,0.1655549251427373,0.1511129431162407,0.8388781923078032,0.1782583284628872,0.6077991931869117,0.0798142504716296,0.0
summer,small_,high__,0.2878048780487805,0.7241379310344828,0.0267891371352337,0.1203627370156636,0.044236663517196,0.0046756282875511,0.0227951591214701,0.0045349005949789,0.4665924276169265
spring,large_,medium,0.658536585365854,0.7586206896551725,0.0360306482858734,0.2638087386644682,0.1298324495369452,0.0802641729982466,0.1342967279246974,0.040514801915542,0.2004454342984409
winter,small_,high__,0.4487804878048782,0.7155172413793104,0.0069285776353385,0.0634789777411376,0.0107894301261453,0.0007784921098772,0.0089645898700134,0.0036279204759831,0.6180400890868597
spring,large_,low___,0.951219512195122,0.3362068965517242,0.111884644677186,0.0084089035449299,0.1528506305574938,0.3514505902980712,0.4509188704616764,0.8478722246408359,0.1369710467706013
winter,small_,medium,0.3170731707317074,0.6379310344827587,0.0070998113873,0.1821929101401483,0.0053947150630726,0.0023378141437755,0.0215150156880322,0.0054418807139747,0.2795100222717149
summer,large_,medium,0.6341463414634145,0.6637931034482759,0.0050552292743266,0.0553998351195383,0.0053947150630726,0.0065458796025715,0.0093231734648139,0.0054418807139747,0.5612472160356348
winter,large_,low___,0.7560975609756098,0.7758620689655173,0.099384580783995,0.5131904369332234,0.1691976745627565,0.2424944476914085,0.4076450022411474,0.4160771295893194,0.0122494432071269
autumn,large_,medium,0.6341463414634145,0.4482758620689655,0.3572063852299388,0.2455070074196207,0.0594605494251871,0.1807901811805961,0.2496100403406544,0.2860433899288928,0.0
winter,small_,low___,0.5853658536585367,0.9310344827586208,0.0224341772346004,0.0189612530915086,0.0053947150630726,0.0093512565751022,0.0089645898700134,0.0081628210709621,0.3953229398663697
winter,small_,high__,0.646341463414634,0.9741379310344828,0.1674717208736499,0.7624072547403132,0.4585507803611786,0.0403272939801285,0.0998063648588077,0.2557683935568132,0.1681514476614699
winter,large_,medium,0.8439024390243903,0.3922413793103448,0.4778213955295211,0.2762572135201978,0.0537076252819264,0.3697650730566919,0.3949403854773644,0.1868379045131331,0.0
summer,medium,high__,0.5121951219512195,0.2241379310344828,0.1348861934481366,0.190436933223413,0.0917101560722357,0.049561659848042,0.2065441506051098,0.1433028588013351,0.0
spring,large_,medium,0.575609756097561,0.3189655172413793,0.3351632343244445,0.2731244847485573,0.8695201954449164,0.7257860666277031,0.6254020439264903,0.1838448701204469,0.0300668151447661
autumn,large_,medium,0.5731707317073171,0.6293103448275863,0.1959323038862394,0.2853256389117889,0.0958392709815115,0.1574120397428404,0.2600609592111161,0.0340117544623421,0.0133630289532293
summer,medium,high__,0.5536585365853659,0.0,0.1253022147935738,0.0503709810387469,0.3799228083168941,0.2974868497954412,0.3301210219632451,0.039000145116819,0.0133630289532293
winter,medium,high__,0.7073170731707317,0.7155172413793104,0.027382065947996,0.1100577081615828,0.2492358359139582,0.078634716540035,0.1289108023307933,0.0988608329705412,0.0467706013363029
summer,medium,medium,0.4634146341463414,0.6379310344827587,0.1567555548740281,0.579967023907667,0.5970147847884701,0.0549386323787258,0.4595840609592111,0.1750471629661878,0.042316258351893
autumn,medium,medium,0.4634146341463414,0.7758620689655173,0.0786601853413685,0.363396537510305,0.790325756740149,0.2577440093512565,0.3818915284625728,0.0244884632128863,0.0367483296213808
winter,small_,high__,0.3609756097560976,0.5689655172413794,0.0235842546731479,0.12959604286892,0.0232404324917171,0.0070134424313267,0.0225907664724338,0.00430815556523,0.3307349665924276
winter,large_,medium,0.7146341463414634,0.7500000000000001,0.0070998113873,0.0624896949711459,0.0057723451174877,0.0072472238457042,0.0089645898700134,0.03446524452184,0.6325167037861915
spring,medium,high__,0.6829268292682931,0.2672413793103448,0.1195518276008362,0.0441879637262984,0.0936878586143581,0.2524839275277615,0.3364715553563424,0.2884196778406617,0.0211581291759465
autumn,small_,high__,0.5439024390243903,0.853448275862069,0.0098676644227377,0.1094806265457543,0.0140262591639889,0.0054541203974284,0.0101604661586732,0.0054418807139747,0.1603563474387528
autumn,medium,low___,0.4634146341463414,0.5862068965517242,0.1463869678336118,0.6074196207749382,0.6171554032155157,0.1549970777323202,0.4544043030031376,0.1977216659410826,0.1581291759465478
winter,large_,medium,0.6707317073170731,0.0818965517241379,0.2492115580226846,0.3034624896949711,0.1428995283627198,0.2104032729398012,0.2771062303899597,0.0230735742272529,0.0
winter,large_,low___,0.7073170731707317,0.6896551724137933,0.1789724952591252,0.1355317394888705,0.3021040435320706,0.1583027469316189,0.2348722545943523,0.1435568132346538,0.0512249443207126
winter,medium,high__,0.4390243902439026,0.7672413793103449,0.0296362177275492,0.178318219291014,0.1790063562798653,0.0839485680888369,0.2169430748543254,0.0485687853722246,0.1625835189309576
spring,small_,medium,0.602439024390244,0.2586206896551724,0.197153941698741,0.1897774113767518,0.1005380678014478,0.1406943308007013,0.2468848050201703,0.0108837614279495,0.0345211581291759
summer,large_,low___,0.5609756097560976,0.3017241379310345,0.1221075552420529,0.0422918384171475,0.143858697911504,0.1410473407364114,0.1580761990138951,0.03446524452184,0.0
spring,medium,medium,0.6097560975609757,0.456896551724138,0.1083986321745664,0.4186314921681781,0.0554188288999331,0.3874389479836352,0.4692550246526221,0.1541866202292846,0.0178173719376391
winter,medium,medium,0.5853658536585367,0.4482758620689655,0.0942271224040196,0.1844187963726298,0.1525237000352415,0.1942513150204558,0.3079838637382339,0.0190465824989116,0.0846325167037861
summer,medium,medium,0.5853658536585367,0.6810344827586207,0.1472763610527553,0.0380049464138499,0.2295451259337429,0.0841613091759205,0.1541855670103092,0.0253954433318821,0.2015590200445434
summer,medium,high__,0.5609756097560976,0.8620689655172415,0.1617468909573244,0.4072547403132729,0.142420477665119,0.3705435417884277,0.3890632003585836,0.0571397474967348,0.0
winter,medium,medium,0.4878048780487805,0.3620689655172414,0.1348861934481366,0.3078318219291014,0.980759198466615,0.3193454354178842,0.4546840161362617,0.0371861848788274,0.0
summer,small_,medium,0.5853658536585367,0.5258620689655173,0.0690327593169051,0.1361088211046991,0.025174977313335,0.014728229105786,0.0392649036306589,0.039000145116819,0.4354120267260579
winter,small_,medium,0.4878048780487805,0.7241379310344828,0.0819826312749502,0.3716405605935696,0.2023018148652258,0.0274693161893629,0.0866571044374719,0.0698374691626759,0.0
spring,small_,high__,0.4902439024390246,0.6896551724137933,0.017322721952167,0.1189612530915086,0.0284118063511786,0.0444184687317358,0.1018969072164948,0.0018139602379915,0.354120267260579
summer,large_,medium,0.7073170731707317,0.4224137931034484,0.2111797749937384,0.2308326463314097,0.0238111933453902,0.1472822910578609,0.2501425369789332,0.1641634015382383,0.0267260579064587
winter,small_,high__,0.6097560975609757,0.6896551724137933,0.0360817628386978,0.0601813685078318,0.0188815027207544,0.0514319111630625,0.0797848498431196,0.0058953707734726,0.1904231625835189
spring,small_,high__,0.6707317073170731,0.5689655172413794,0.1732221080663875,0.2494641384995878,0.4887611847143856,0.1033313851548801,0.198655311519498,0.0272094035698737,0.0155902004454342
winter,small_,high__,0.3634146341463415,0.5689655172413794,0.0262677686964255,0.12959604286892,0.0248156892901343,0.0070134424313267,0.0225907664724338,0.0027209403569873,0.3307349665924276
autumn,medium,high__,0.4146341463414633,0.853448275862069,0.0260121959323038,0.4064303380049464,0.1348678765768172,0.0229105786090005,0.1057821604661586,0.0371861848788274,0.0133630289532293
summer,small_,high__,0.6097560975609757,0.896551724137931,0.1681106527839541,0.336356141797197,0.0053947150630726,0.0584453535943892,0.1237113402061855,0.0145116819039326,0.354120267260579
spring,medium,low___,0.6829268292682931,0.3017241379310345,0.1902611442503795,0.3215169002473206,0.1366664853682758,0.6092343892460549,0.7743774092335276,0.2241782760121898,0.0211581291759465
winter,medium,medium,0.5121951219512195,0.456896551724138,0.1620407996360643,0.2588623248145095,0.1267758039822082,0.0645821157218001,0.3325862841774988,0.2702800754607459,0.1837416481069042
winter,medium,medium,0.853658536585366,0.8448275862068966,0.0788927565567192,0.4203627370156637,0.2604180012966953,0.1262419637638807,0.5073957866427611,0.7986413437817442,0.0
spring,small_,high__,0.3902439024390245,0.8189655172413794,0.0223575054053639,0.0189612530915086,0.1397231201335826,0.0280537697253068,0.0322725235320484,0.0054418807139747,0.3775055679287304
autumn,small_,high__,0.5975609756097564,0.7586206896551725,0.1503917930473985,0.4113767518549052,0.2165082683017516,0.1020853302162478,0.1370398924249215,0.060767667972718,0.2026726057906458
spring,small_,high__,0.4926829268292683,0.6551724137931035,0.0276861975373008,0.1244847485572959,0.0092357521879804,0.0070134424313267,0.0208874943971313,0.0113916702945871,0.1447661469933185
winter,medium,low___,0.5853658536585367,0.2327586206896552,0.2015319031481452,0.7406430338004947,0.9872328565423022,0.1613091759205143,0.3572048408785298,0.174140182847192,0.0278396436525612
summer,medium,medium,0.658536585365854,0.6120689655172414,0.6933126830539922,0.5206100577081616,0.399208914667379,0.3927527761542956,0.5602868668758404,0.0235814830938905,0.1837416481069042
spring,large_,medium,0.6341463414634145,0.5517241379310345,0.0181737792566921,0.0826875515251442,0.0353655940674793,0.0423401519579193,0.2149511429852084,0.0445417936438833,0.0244988864142539
autumn,medium,high__,0.8048780487804879,0.7500000000000001,0.0883719503779921,0.4946413849958779,0.1268362247909146,0.0937720631209818,0.2565862662483191,0.2433427659265709,0.0356347438752783
autumn,medium,medium,0.6341463414634145,0.7672413793103449,0.3436048282806597,0.371310799670239,0.6611525629627715,0.1132530683810637,0.2936405199462124,0.1723262226092004,0.0311804008908685
winter,small_,medium,0.5853658536585367,0.8879310344827587,0.045435726005551,0.2588623248145095,0.0053947150630726,0.0467562828755113,0.0717167189601075,0.0417210854738064,0.2271714922048997
spring,large_,medium,0.7317073170731707,0.7586206896551725,0.5319542626981327,0.3676009892827699,0.2081378176204578,0.2018305084745762,0.346212478709099,0.2486758090262661,0.0
autumn,medium,low___,0.4878048780487805,0.706896551724138,0.1262606126590301,0.4497938994229184,0.3277289400816658,0.0879602571595558,0.510468830121022,0.6784211290088521,0.1893095768374164
winter,large_,medium,0.6365853658536589,0.6465517241379312,0.2673188883607051,0.3221764220939818,0.1287869537577217,0.1898819403857393,0.2992379919318691,0.0490585546364823,0.0155902004454342
summer,medium,high__,0.4390243902439026,0.8077586206896552,0.0304744963938682,0.5101401483924155,0.0912785788671898,0.0724722384570426,0.1235858359480054,0.0263024234508779,0.1636971046770601
autumn,large_,low___,0.7902439024390244,0.956896551724138,0.1095589325236788,0.0697444352844187,0.0509261101954061,0.0177673874926943,0.0814666069027342,0.7377376287911769,0.0378619153674833
spring,large_,medium,0.7073170731707317,0.6724137931034483,0.0417171422875807,0.3173124484748557,0.1060309666786684,0.0777860900058445,0.1118780815777678,0.1313488608329705,0.2093541202672605
autumn,large_,low___,0.658536585365854,0.6120689655172414,0.1069214215979431,0.4882110469909315,0.1205470659703844,0.3496972296902396,0.3939453339309726,0.0589537077347264,0.0
spring,small_,medium,0.5609756097560976,0.5862068965517242,0.0700984977432924,0.1700741962077493,0.0620392232253359,0.015780245470485,0.0519946212460779,0.0054418807139747,0.643652561247216
spring,medium,high__,0.658536585365854,0.6810344827586207,0.0264108894443336,0.1583676834295136,0.0653364730718859,0.1415686732904734,0.2263056925145674,0.0456483093890581,0.0189309576837416
winter,large_,low___,0.658536585365854,0.8362068965517242,0.0658815471352848,0.1541632316570486,0.0620392232253359,0.0695499707773232,0.1332729717615419,0.313361631113046,0.0
autumn,small_,high__,0.5365853658536586,0.8232758620689655,0.0130878812506708,0.1123660346248969,0.0159144094360644,0.0112635885447106,0.0140672344240251,0.0154186620229284,0.7371937639198218
autumn,medium,high__,0.658536585365854,0.5862068965517242,0.1911122015549047,0.427040395713108,0.5988133720010685,0.0689655172413793,0.3030031376064545,0.1496517196343056,0.0133630289532293
summer,medium,medium,0.5365853658536586,0.6034482758620691,0.0737480768149499,0.2327287716405605,0.2789671895695644,0.0607831677381648,0.1687494397131331,0.1024887534465244,0.3919821826280624
summer,small_,high__,0.3878048780487806,0.853448275862069,0.0104887062395534,0.1215169002473206,0.1672361669552533,0.0035067212156633,0.0111160914388166,0.0009069801189957,0.1759465478841871
summer,medium,low___,0.6341463414634145,0.4137931034482759,0.3352552149622518,0.3452596867271228,0.0938680420974647,0.5545295149035652,0.5726579829672792,0.0598606878537222,0.0133630289532293
summer,small_,high__,0.6219512195121952,0.7327586206896554,0.1866396781827754,0.1265457543281121,0.1132890163245264,0.140853302162478,0.1985656656207978,0.0272094035698737,0.0267260579064587
summer,small_,high__,0.2439024390243902,0.7758620689655173,0.0096555390285168,0.0972794723825226,0.0809207259460903,0.0023378141437755,0.1039892424921559,0.0036279204759831,0.6959910913140311
summer,small_,high__,0.5365853658536586,0.8189655172413794,0.0507593066822054,0.2489694971145919,0.0480129640613469,0.1215663354763296,0.2326311071268489,0.0507908866637643,0.0
spring,small_,high__,0.5463414634146342,0.6551724137931035,0.0274817393260035,0.1244847485572959,0.008092072594609,0.0046756282875511,0.0188256387270282,0.0117907415469452,0.1447661469933185
winter,medium,medium,0.5609756097560976,0.8189655172413794,0.2102801588640301,0.5179719703215169,0.3182881887212886,0.0264944476914085,0.0938287763334827,0.1224423160644318,0.1369710467706013
summer,small_,medium,0.1951219512195123,0.7758620689655173,0.0070998113873,0.2588623248145095,0.0053947150630726,0.0,0.0233079336620349,0.0054418807139747,0.2160356347438752
autumn,medium,high__,0.5609756097560976,0.8706896551724139,0.0297486697437627,0.1821104699093157,0.133396198307611,0.1100900058445353,0.122060062752129,0.0231733420403424,0.0
spring,large_,high__,0.4390243902439026,0.4741379310344827,0.0479914536467677,0.3619126133553174,0.1240784464506718,0.1726639392168322,0.2963442402510085,0.0462559860687853,0.0
summer,medium,high__,0.524390243902439,0.7672413793103449,0.0390464069025092,0.3277823577906018,0.0567955601840292,0.0222092343658679,0.0756055580457194,0.0264838194746771,0.0456570155902004
autumn,large_,low___,0.6829268292682931,0.7586206896551725,0.0485537137278354,0.1364385820280297,0.0990825736774308,0.0459777907656341,0.096666965486329,0.1850239442751415,0.0
summer,medium,medium,0.6341463414634145,0.810344827586207,0.0914388235474521,0.3627370156636438,0.0296709328468997,0.2501461133839859,0.2770058269834154,0.0253954433318821,0.1380846325167037
spring,medium,medium,0.7073170731707317,0.4224137931034484,0.1159968104519037,0.3636438582028029,0.1672361669552533,0.2042407948568088,0.3215849394890184,0.2959748222318967,0.0211581291759465
spring,large_,low___,0.8292682926829269,0.3448275862068966,0.0070998113873,0.0741962077493817,0.1478151927281916,0.2361192285213325,0.3316898251904975,0.6153860107386445,0.0189309576837416
winter,small_,high__,0.5658536585365854,0.5775862068965518,0.027205720740752,0.1413849958779884,0.2098975736740322,0.0051946230274693,0.0469744509188704,0.0154186620229284,0.8262806236080178
spring,medium,high__,0.6341463414634145,0.8189655172413794,0.0179616538624711,0.1545754328112118,0.0215788602522907,0.0128579777907656,0.0448229493500672,0.0009069801189957,0.5189309576837416
